code,industry
600726,央国企改革
2445,央国企改革
603803,新型城镇化
537,滨海新区
600722,京津冀
603843,工程建设
908,消毒剂
669,天然气
600599,互联网金融
4,深圳特区
2150,贬值受益
2528,深圳特区
601016,转债标的
609,北交所概念
601868,工程建设
601330,PPP模式
2656,机构重仓
711,乡村振兴
600307,低碳冶金
600581,低碳冶金
709,低碳冶金
601618,低碳冶金
600019,低碳冶金
928,低碳冶金
959,低碳冶金
600388,低碳冶金
2543,净水概念
600336,净水概念
2242,净水概念
651,净水概念
2035,净水概念
2778,净水概念
300334,净水概念
521,净水概念
300899,净水概念
300272,净水概念
603408,净水概念
300070,净水概念
603956,净水概念
688101,净水概念
600690,净水概念
688057,净水概念
333,净水概念
920,净水概念
600539,净水概念
1358,净水概念
300152,净水概念
300505,磷化工
600691,磷化工
2470,磷化工
600078,磷化工
2170,磷化工
301358,磷化工
2895,磷化工
2759,磷化工
2588,磷化工
2136,磷化工
2312,磷化工
600096,磷化工
2539,磷化工
601117,磷化工
833,磷化工
600727,磷化工
600141,磷化工
300610,磷化工
300919,磷化工
600039,磷化工
600470,磷化工
301118,磷化工
2556,磷化工
2942,磷化工
2538,磷化工
2386,磷化工
2409,磷化工
300437,磷化工
920809,磷化工
902,磷化工
713,磷化工
422,磷化工
300801,磷化工
300477,磷化工
2145,磷化工
600389,磷化工
603077,磷化工
688669,磷化工
2114,磷化工
830,磷化工
600596,磷化工
603979,磷化工
2237,磷化工
600331,磷化工
603993,磷化工
688633,磷化工
603366,空气能热泵
2084,空气能热泵
300594,空气能热泵
301272,空气能热泵
300335,空气能热泵
603726,空气能热泵
2158,空气能热泵
921,空气能热泵
603158,空气能热泵
530,空气能热泵
600619,空气能热泵
2011,空气能热泵
600187,空气能热泵
300786,空气能热泵
603757,空气能热泵
603075,空气能热泵
551,空气能热泵
600167,空气能热泵
2139,空气能热泵
300011,空气能热泵
2639,空气能热泵
300992,空气能热泵
811,空气能热泵
301018,空气能热泵
2050,空气能热泵
2126,空气能热泵
301129,空气能热泵
301317,空气能热泵
300185,核污染防治
603169,核污染防治
603218,核污染防治
777,核污染防治
301092,核污染防治
300201,核污染防治
300962,核污染防治
881,核污染防治
300875,核污染防治
688151,核污染防治
300887,核污染防治
301233,核污染防治
300523,核污染防治
300172,核污染防治
2584,核污染防治
300527,核污染防治
920781,核污染防治
2324,核污染防治
3816,核污染防治
688628,核污染防治
301323,核污染防治
2474,核污染防治
301148,核污染防治
300263,核污染防治
688357,核污染防治
300007,核污染防治
601718,核污染防治
300092,核污染防治
2980,核污染防治
2246,核污染防治
603601,核污染防治
600370,娃哈哈概念
890,节能环保
2487,东北振兴
600121,反内卷概念
301667,汽车热管理
600844,煤化工概念
600714,西部大开发
2015,节能环保
688295,央国企改革
605305,工程机械概念
601991,雅下水电概念
990,合成生物
2652,微盘股
300690,机构重仓
301396,新型城镇化
603092,风能
2047,装配建筑
600956,央国企改革
601015,煤化工概念
601969,锂矿概念
2512,标准普尔
603527,锂电池概念
697,西部大开发
603992,转债标的
553,农药兽药
603281,有机硅概念
600188,煤化工概念
600935,降解塑料
603978,锂电池概念
301068,节能环保
600703,宁组合
603507,风能
603693,央国企改革
601038,乡村振兴
600868,氢能源
593,青蒿素
420,冰雪经济
2951,超级电容
603626,医疗器械概念
1260,微盘股
2869,深圳特区
600,京津冀
600821,滨海新区
2498,标准普尔
2254,固态电池
688139,举牌
600846,举牌
2233,举牌
2825,举牌
600408,煤化工概念
600227,煤化工概念
2109,煤化工概念
912,煤化工概念
600569,煤化工概念
2255,煤化工概念
2274,煤化工概念
2068,煤化工概念
2469,煤化工概念
600989,煤化工概念
601101,煤化工概念
600753,煤化工概念
2442,煤化工概念
600509,煤化工概念
600725,煤化工概念
2430,煤化工概念
2597,煤化工概念
600117,煤化工概念
601568,煤化工概念
2753,煤化工概念
300435,煤化工概念
600248,煤化工概念
603113,煤化工概念
600123,煤化工概念
600642,煤化工概念
600997,煤化工概念
600426,煤化工概念
600740,煤化工概念
920832,煤化工概念
2092,煤化工概念
600582,煤化工概念
605090,煤化工概念
723,煤化工概念
2564,煤化工概念
552,煤化工概念
601918,煤化工概念
600075,煤化工概念
601011,煤化工概念
688267,煤化工概念
601088,煤化工概念
600575,煤化工概念
600499,煤化工概念
2140,煤化工概念
600348,煤化工概念
600256,煤化工概念
600792,煤化工概念
2534,煤化工概念
600089,煤化工概念
603090,煤化工概念
600985,煤化工概念
600063,煤化工概念
603959,煤化工概念
600309,煤化工概念
2128,煤化工概念
601898,煤化工概念
933,煤化工概念
600623,煤化工概念
603698,煤化工概念
601216,煤化工概念
600157,煤化工概念
968,煤化工概念
601369,煤化工概念
543,煤化工概念
300387,生态农业
930,生态农业
600853,生态农业
2215,生态农业
893,生态农业
300381,生态农业
2758,生态农业
600805,生态农业
2910,生态农业
2513,生态农业
626,生态农业
300021,生态农业
2783,生态农业
600543,生态农业
603739,生态农业
600300,生态农业
603789,生态农业
600796,生态农业
603276,生态农业
2061,生态农业
505,生态农业
2321,生态农业
2234,生态农业
600965,生态农业
300237,生态农业
301556,生态农业
2746,生态农业
688156,生态农业
2582,生态农业
2565,生态农业
2157,生态农业
601,生态农业
2969,啤酒概念
1338,啤酒概念
600132,啤酒概念
600573,啤酒概念
752,啤酒概念
929,啤酒概念
2116,啤酒概念
729,啤酒概念
2461,啤酒概念
950,啤酒概念
600600,啤酒概念
600059,啤酒概念
2701,啤酒概念
523,啤酒概念
2166,啤酒概念
300892,啤酒概念
603076,啤酒概念
993,啤酒概念
600108,啤酒概念
603029,供销社概念
2999,供销社概念
2014,供销社概念
3042,供销社概念
603970,供销社概念
2643,供销社概念
600217,供销社概念
600354,供销社概念
564,供销社概念
722,供销社概念
600318,供销社概念
600226,合成生物
603538,合成生物
1366,合成生物
688131,合成生物
605507,合成生物
2693,合成生物
2880,合成生物
688639,合成生物
301305,合成生物
600216,合成生物
300267,合成生物
301220,合成生物
300430,合成生物
688065,合成生物
301301,合成生物
2019,合成生物
300583,合成生物
2626,合成生物
300653,合成生物
705,合成生物
300243,合成生物
2734,合成生物
301371,合成生物
301277,合成生物
300412,合成生物
600873,合成生物
300261,合成生物
920471,合成生物
300404,合成生物
600223,合成生物
952,合成生物
605177,合成生物
920685,合成生物
2821,合成生物
600267,合成生物
688363,合成生物
688089,合成生物
2886,合成生物
2481,合成生物
600201,合成生物
301258,合成生物
603983,合成生物
920547,合成生物
813,合成生物
605116,合成生物
2940,合成生物
300233,合成生物
600866,合成生物
790,合成生物
300132,合成生物
600587,合成生物
301159,合成生物
300452,合成生物
301089,合成生物
2385,合成生物
300740,合成生物
920123,合成生物
600062,合成生物
300119,合成生物
300966,合成生物
300358,合成生物
963,合成生物
688105,合成生物
3017,合成生物
688526,合成生物
300199,合成生物
600380,合成生物
600298,合成生物
301206,合成生物
603456,合成生物
2773,合成生物
920982,合成生物
2316,合成生物
300725,合成生物
603690,合成生物
301047,合成生物
592,合成生物
301565,合成生物
2286,合成生物
300871,合成生物
920230,合成生物
2422,合成生物
300171,合成生物
300676,合成生物
301246,合成生物
600789,合成生物
301087,合成生物
688136,合成生物
688137,合成生物
603079,合成生物
605077,合成生物
2714,合成生物
739,合成生物
2688,合成生物
300497,合成生物
600812,合成生物
688114,合成生物
300596,合成生物
600143,合成生物
688166,合成生物
2923,合成生物
300401,合成生物
300970,合成生物
688202,合成生物
300804,农药兽药
603585,农药兽药
920866,农药兽药
300796,农药兽药
1231,农药兽药
920819,农药兽药
920656,农药兽药
603810,农药兽药
603639,农药兽药
600195,农药兽药
603599,农药兽药
603566,农药兽药
300575,农药兽药
605033,农药兽药
2868,农药兽药
600731,农药兽药
301665,农药兽药
688098,农药兽药
2391,农药兽药
2749,农药兽药
200553,农药兽药
2250,农药兽药
301035,农药兽药
600486,农药兽药
525,农药兽药
603360,农药兽药
2496,农药兽药
2258,农药兽药
603086,农药兽药
3027,微盘精选
301163,微盘精选
300371,微盘精选
301063,微盘精选
300886,微盘精选
600082,微盘精选
603282,微盘精选
603700,微盘精选
605567,微盘精选
688565,微盘精选
603172,微盘精选
600099,微盘精选
300743,微盘精选
1219,微盘精选
2188,微盘精选
600137,微盘精选
301353,微盘精选
603022,微盘精选
2828,微盘精选
600671,微盘精选
603506,微盘精选
300717,微盘精选
688026,微盘精选
600455,微盘精选
300971,微盘精选
603214,微盘精选
2486,微盘精选
688113,微盘精选
688067,微盘精选
301336,微盘精选
600128,微盘精选
300851,微盘精选
603755,微盘精选
301006,微盘精选
301298,微盘精选
300640,微盘精选
301331,微盘精选
688681,微盘精选
688163,微盘精选
2679,微盘精选
633,微盘精选
600615,微盘精选
600683,北交所概念
2952,北交所概念
9,北交所概念
2004,北交所概念
300688,北交所概念
2349,北交所概念
931,北交所概念
300456,北交所概念
601965,北交所概念
507,北交所概念
2491,北交所概念
539,北交所概念
300226,北交所概念
682,北交所概念
2339,北交所概念
2179,北交所概念
301509,阿兹海默
600557,阿兹海默
2020,阿兹海默
2082,阿兹海默
300149,阿兹海默
2038,阿兹海默
2262,阿兹海默
600771,阿兹海默
756,阿兹海默
688276,阿兹海默
600196,阿兹海默
766,阿兹海默
300244,阿兹海默
2675,阿兹海默
603980,阿兹海默
300677,消毒剂
2637,消毒剂
301256,消毒剂
2636,消毒剂
2762,消毒剂
600315,消毒剂
603867,消毒剂
300422,消毒剂
300586,消毒剂
1218,消毒剂
2864,消毒剂
2900,消毒剂
650,消毒剂
605009,消毒剂
300632,消毒剂
3023,消毒剂
2223,消毒剂
2741,消毒剂
915,消毒剂
2209,消毒剂
698,消毒剂
600538,消毒剂
600993,消毒剂
635,消毒剂
300086,消毒剂
601678,消毒剂
615,消毒剂
2644,消毒剂
603213,消毒剂
2748,消毒剂
600618,消毒剂
819,消毒剂
300109,消毒剂
1316,消毒剂
600160,消毒剂
300343,消毒剂
600273,消毒剂
603200,消毒剂
600409,消毒剂
818,消毒剂
600673,消毒剂
995,酿酒概念
568,酿酒概念
600519,酿酒概念
596,酿酒概念
600809,酿酒概念
603589,酿酒概念
603919,酿酒概念
858,酿酒概念
603369,酿酒概念
600702,酿酒概念
600559,酿酒概念
799,酿酒概念
860,酿酒概念
2304,酿酒概念
600779,酿酒概念
601579,酿酒概念
600238,酿酒概念
600197,酿酒概念
603779,酿酒概念
603198,酿酒概念
600616,酿酒概念
2646,酿酒概念
2568,酿酒概念
869,酿酒概念
200869,酿酒概念
600365,酿酒概念
600199,酿酒概念
600084,酿酒概念
200596,酿酒概念
600696,酿酒概念
300035,磁悬浮概念
2056,磁悬浮概念
922,磁悬浮概念
1324,磁悬浮概念
600458,磁悬浮概念
688425,磁悬浮概念
1255,磁悬浮概念
600105,磁悬浮概念
601390,磁悬浮概念
600528,磁悬浮概念
300960,磁悬浮概念
688187,磁悬浮概念
601766,磁悬浮概念
300923,磁悬浮概念
301598,磁悬浮概念
2028,磁悬浮概念
2972,磁悬浮概念
300095,磁悬浮概念
300407,磁悬浮概念
300789,磁悬浮概念
300224,磁悬浮概念
2533,磁悬浮概念
600839,磁悬浮概念
2480,磁悬浮概念
300748,磁悬浮概念
300490,磁悬浮概念
2361,磁悬浮概念
300143,医美概念
2950,医美概念
300227,医美概念
300003,医美概念
504,医美概念
300957,医美概念
300753,医美概念
600594,医美概念
600713,医美概念
300238,医美概念
600655,医美概念
601886,医美概念
2612,医美概念
2172,医美概念
2524,医美概念
600129,医美概念
603858,医美概念
301126,医美概念
603987,医美概念
300896,医美概念
2390,医美概念
919,医美概念
301507,医美概念
300015,医美概念
688389,医美概念
603222,医美概念
300239,医美概念
300158,医美概念
2728,医美概念
411,医美概念
600420,医美概念
600774,医美概念
600704,医美概念
516,医美概念
300009,医美概念
600814,医美概念
301234,医美概念
688366,医美概念
301017,医美概念
718,医美概念
688580,医美概念
935,医美概念
603630,医美概念
725,医美概念
300255,医美概念
2345,医美概念
300102,医美概念
688048,医美概念
603155,医美概念
688356,医美概念
300999,超级品牌
603288,超级品牌
600104,超级品牌
600941,超级品牌
603515,超级品牌
2607,超级品牌
2594,超级品牌
895,超级品牌
301055,超级品牌
603195,超级品牌
600305,超级品牌
2,超级品牌
2820,超级品牌
600887,超级品牌
538,超级品牌
603899,超级品牌
2507,超级品牌
600085,超级品牌
2216,超级品牌
423,超级品牌
2024,超级品牌
1328,超级品牌
603031,超级品牌
2742,减肥药
2907,减肥药
920735,减肥药
513,减肥药
2294,减肥药
301520,减肥药
688621,减肥药
600276,减肥药
688117,减肥药
688302,减肥药
603087,减肥药
300363,减肥药
2317,减肥药
2099,减肥药
600867,减肥药
688076,减肥药
301257,减肥药
300122,减肥药
2277,长寿药
639,长寿药
2562,长寿药
300221,长寿药
300511,长寿药
301090,娃哈哈概念
605300,娃哈哈概念
911,娃哈哈概念
2228,娃哈哈概念
300512,娃哈哈概念
301019,娃哈哈概念
601968,娃哈哈概念
301138,娃哈哈概念
300509,娃哈哈概念
600567,娃哈哈概念
603687,娃哈哈概念
301216,娃哈哈概念
603187,娃哈哈概念
2549,娃哈哈概念
603110,娃哈哈概念
2165,建筑节能
2620,建筑节能
300093,建筑节能
300675,建筑节能
301010,建筑节能
2988,建筑节能
301043,建筑节能
603041,建筑节能
2810,建筑节能
301167,建筑节能
300621,建筑节能
300374,建筑节能
605589,建筑节能
2761,建筑节能
300500,建筑节能
300405,建筑节能
301199,建筑节能
920149,建筑节能
779,建筑节能
300993,建筑节能
300949,建筑节能
603137,建筑节能
603030,建筑节能
605155,建筑节能
603378,建筑节能
517,建筑节能
2613,建筑节能
300935,建筑节能
55,建筑节能
600819,建筑节能
300163,建筑节能
603017,建筑节能
2421,建筑节能
300057,建筑节能
12,建筑节能
1379,建筑节能
300980,建筑节能
600586,建筑节能
301024,建筑节能
600207,建筑节能
603316,建筑节能
3035,建筑节能
2382,病毒防治
601669,工程建设
600639,上海自贸
2789,装配建筑
601800,工程建设
717,反内卷概念
69,婴童概念
601963,乡村振兴
601825,互联网金融
300268,水产概念
2306,旅游酒店
600177,养老概念
600015,证金持股
498,工程建设
2305,租售同权
600971,反内卷概念
600153,白酒
401,反内卷概念
601186,工程建设
601998,证金持股
59,化工原料
601077,西部大开发
603385,微盘股
601229,转债标的
601577,标准普尔
898,反内卷概念
600048,租售同权
300125,工业大麻
600064,证金持股
600502,工程建设
600000,证金持股
601328,证金持股
656,婴童概念
601528,机构重仓
601187,互联网金融
2200,农业种植
601005,反内卷概念
600649,沪企改革
601398,证金持股
601939,证金持股
601588,养老概念
688520,生物疫苗
1227,西部大开发
601658,中特估
28,SPD概念
600512,工程建设
601988,中字头
600533,微盘股
877,反内卷概念
601997,标准普尔
600908,机构重仓
601916,中特估
600383,标准普尔
600755,内贸流通
600820,工程建设
2713,装配建筑
1872,中特估
726,生物疫苗
600827,REITs概念
2839,标准普尔
2932,辅助生殖
778,反内卷概念
589,胎压监测
601668,工程建设
601169,证金持股
600859,冰雪经济
601238,动力电池回收
691,西部大开发
2966,富时罗素
601166,证金持股
601009,机构重仓
601665,互联网金融
603323,融资融券
300029,新能源
2936,机构重仓
90,租售同权
601860,转债标的
600325,租售同权
600051,微盘股
789,反内卷概念
601818,证金持股
926,新型城镇化
600180,内贸流通
2146,京津冀
2948,机构重仓
2081,装配建筑
2958,转债标的
1,证金持股
736,土地流转
2807,标准普尔
600716,养老概念
2110,反内卷概念
600035,REITs概念
600657,证金持股
600373,机构重仓
402,证金持股
600266,央国企改革
603797,新型城镇化
601828,新零售
910,标准普尔
600269,核能核电
900,REITs概念
600308,环氧丙烷
601992,反内卷概念
972,医疗器械概念
601128,转债标的
825,反内卷概念
600606,装配建筑
600017,证金持股
560,租售同权
2344,养老概念
600585,装配建筑
623,维生素
2375,装配建筑
600155,京津冀
2872,幽门螺杆菌概念
600016,标准普尔
501,白酒
600335,锂电池概念
600928,机构重仓
600717,京津冀
601222,锂电池概念
601333,标准普尔
300159,乡村振兴
701,内贸流通
2168,标准普尔
600390,央国企改革
600739,生物疫苗
600682,养老概念
600508,反内卷概念
601006,证金持股
600782,反内卷概念
50,电子纸概念
601155,装配建筑
600491,工程建设
932,反内卷概念
690,超超临界发电
300157,一带一路
488,参股银行
300391,中药概念
601611,工程建设
10,工程建设
65,工程建设
603163,工程建设
2135,工程建设
600284,工程建设
300517,工程建设
601133,工程建设
2941,工程建设
600939,工程建设
2663,工程建设
301098,工程建设
2051,工程建设
301058,工程建设
2307,工程建设
2431,工程建设
603637,工程建设
2542,工程建设
2775,工程建设
301038,工程建设
601068,工程建设
603176,工程建设
603815,工程建设
920964,工程建设
600970,工程建设
600170,工程建设
628,工程建设
300536,工程建设
605303,工程建设
603955,工程建设
600667,工程建设
2060,工程建设
603098,工程建设
2586,工程建设
605598,工程建设
2628,工程建设
300712,工程建设
600769,工程建设
300982,工程建设
2062,工程建设
32,工程建设
1267,工程建设
601789,工程建设
300641,化工原料
688268,化工原料
1369,化工原料
792,化工原料
301292,化工原料
600800,化工原料
731,化工原料
2407,化工原料
600423,化工原料
600425,化工原料
707,化工原料
300834,化工原料
953,化工原料
601026,化工原料
301065,化工原料
2805,化工原料
603192,化工原料
600319,化工原料
600793,化工原料
1217,化工原料
300107,化工原料
2971,化工原料
301617,化工原料
603948,化工原料
301149,化工原料
2001,化工原料
2395,化工原料
300848,化工原料
605399,化工原料
603120,化工原料
600955,化工原料
2648,化工原料
603285,化工原料
600352,化工原料
2064,化工原料
301069,化工原料
683,化工原料
603938,化工原料
301373,化工原料
2986,化工原料
600230,化工原料
603716,SPD概念
301584,SPD概念
300026,SPD概念
600272,SPD概念
301370,SPD概念
301408,SPD概念
603122,SPD概念
603108,SPD概念
503,SPD概念
2669,裸眼3D
300533,深圳特区
920274,央国企改革
600022,反内卷概念
920925,医疗器械概念
2689,机构重仓
2793,幽门螺杆菌概念
688322,3D摄像头
970,节能环保
600259,央国企改革
301263,毛发医疗
2566,毛发医疗
989,毛发医疗
2332,毛发医疗
600572,毛发医疗
603139,毛发医疗
301078,毛发医疗
600919,机构重仓
600694,内贸流通
601838,标准普尔
601288,证金持股
600548,参股银行
601666,反内卷概念
601699,反内卷概念
600894,冷链物流
600028,中字头
2213,锂矿概念
600773,锂矿概念
1203,锂矿概念
300769,锂矿概念
300518,锂矿概念
300390,锂矿概念
546,锂矿概念
762,锂矿概念
2240,锂矿概念
2466,锂矿概念
688,锂矿概念
2460,锂矿概念
2192,锂矿概念
300750,锂矿概念
2738,锂矿概念
2497,锂矿概念
2176,锂矿概念
600478,锂矿概念
300585,锂矿概念
603799,锂矿概念
408,锂矿概念
300207,锂矿概念
300014,锂矿概念
600338,锂矿概念
603505,锂矿概念
601168,锂矿概念
2183,锂矿概念
155,锂矿概念
300818,锂矿概念
2756,锂矿概念
601899,锂矿概念
2667,锂矿概念
300890,碳基材料
301349,碳基材料
2768,碳基材料
688116,碳基材料
2631,碳基材料
301326,碳基材料
688598,碳基材料
2243,碳基材料
603969,碳基材料
300283,碳基材料
2023,碳基材料
2617,碳基材料
2171,碳基材料
3009,碳基材料
603045,碳基材料
600516,碳基材料
2627,旅游酒店
600054,旅游酒店
2159,旅游酒店
600258,旅游酒店
301073,旅游酒店
603199,旅游酒店
601007,旅游酒店
978,旅游酒店
888,旅游酒店
900942,旅游酒店
600754,旅游酒店
603136,旅游酒店
600576,旅游酒店
600749,旅游酒店
2033,旅游酒店
2186,旅游酒店
605108,旅游酒店
900929,旅游酒店
428,旅游酒店
900934,旅游酒店
721,旅游酒店
300144,旅游酒店
2059,旅游酒店
603099,旅游酒店
2707,旅游酒店
601888,旅游酒店
558,旅游酒店
610,旅游酒店
600706,旅游酒店
600138,旅游酒店
796,旅游酒店
430,旅游酒店
300756,旅游酒店
603402,旅游酒店
524,旅游酒店
600593,旅游酒店
300859,旅游酒店
300189,水产概念
798,水产概念
600097,水产概念
2086,水产概念
1313,水产概念
2311,水产概念
600467,水产概念
603609,水产概念
2696,水产概念
603668,水产概念
2069,水产概念
600438,水产概念
600257,水产概念
300400,电子纸概念
2106,电子纸概念
2217,电子纸概念
727,电子纸概念
300939,电子纸概念
300088,电子纸概念
100,电子纸概念
688496,电子纸概念
2362,电子纸概念
2323,机构重仓
600231,反内卷概念
300198,新型城镇化
2310,标准普尔
2285,租售同权
8,交运设备
793,农业种植
600322,微盘股
300197,新型城镇化
600653,内贸流通
600743,REITs概念
300370,水利建设
2482,装配建筑
600715,央国企改革
897,滨海新区
600239,养老概念
688538,央国企改革
600527,婴童概念
2314,REITs概念
2495,微盘股
600675,土地流转
600439,贬值受益
600622,REITs概念
2005,贬值受益
882,新零售
600340,电商概念
600221,机构重仓
601880,中俄贸易概念
600136,标准普尔
785,内贸流通
2622,微盘股
300266,PPP模式
980,汽车整车
903,西部大开发
600252,中药概念
600503,石墨烯
600400,电商概念
2076,病毒防治
600518,养老概念
600162,养老概念
2269,婴童概念
600881,中药概念
601996,微盘股
2219,养老概念
601010,内贸流通
826,新型城镇化
56,租售同权
2501,机构重仓
518,病毒防治
300091,乡村振兴
601866,中字头
600816,机构重仓
600169,核能核电
838,微盘股
2210,电商概念
2124,反内卷概念
300027,抖音小店
2717,农业种植
600010,反内卷概念
600337,内贸流通
2630,PPP模式
600381,中药概念
638,生物疫苗
600355,OLED
300344,装配建筑
2231,东北振兴
1979,租售同权
11,租售同权
2244,租售同权
300947,租售同权
600604,租售同权
2574,租售同权
600895,租售同权
300295,租售同权
863,租售同权
688622,气溶胶检测
300137,气溶胶检测
300165,气溶胶检测
2658,气溶胶检测
300203,气溶胶检测
300862,气溶胶检测
688600,气溶胶检测
2352,REITs概念
875,REITs概念
605,REITs概念
2251,REITs概念
600998,REITs概念
600658,REITs概念
600008,REITs概念
600864,REITs概念
600133,REITs概念
909,REITs概念
600232,微盘股
600847,微盘股
2743,微盘股
605069,微盘股
603968,微盘股
2360,微盘股
603937,微盘股
301030,微盘股
2817,微盘股
603679,微盘股
301156,微盘股
2694,微盘股
301105,微盘股
605122,微盘股
600159,微盘股
637,微盘股
603168,微盘股
600241,微盘股
600802,微盘股
301515,微盘股
688517,微盘股
688450,微盘股
300103,微盘股
688218,微盘股
603908,微盘股
300694,微盘股
1368,微盘股
2494,微盘股
603073,微盘股
603709,微盘股
603335,微盘股
1211,微盘股
300564,微盘股
603272,微盘股
600854,微盘股
301166,微盘股
605180,微盘股
600448,微盘股
603880,微盘股
688638,微盘股
300649,微盘股
605336,微盘股
2687,微盘股
603177,微盘股
2856,微盘股
1259,微盘股
663,微盘股
600444,微盘股
2883,微盘股
600287,微盘股
300519,微盘股
600689,微盘股
2247,微盘股
2719,微盘股
2732,微盘股
2949,微盘股
2890,微盘股
301197,微盘股
300013,微盘股
600202,微盘股
300635,微盘股
603182,微盘股
702,微盘股
2802,微盘股
1387,微盘股
2888,微盘股
600833,微盘股
300736,微盘股
300030,微盘股
300958,微盘股
603860,微盘股
300220,微盘股
2780,微盘股
2629,微盘股
619,微盘股
300169,微盘股
600768,微盘股
300883,微盘股
600561,微盘股
300535,微盘股
2072,微盘股
300732,微盘股
603818,微盘股
2691,微盘股
600857,微盘股
301355,微盘股
300642,微盘股
603836,微盘股
2873,微盘股
2388,微盘股
300549,微盘股
1278,微盘股
688217,微盘股
300665,微盘股
600883,微盘股
3030,微盘股
300961,微盘股
692,微盘股
603096,微盘股
300305,微盘股
757,微盘股
600807,微盘股
603536,微盘股
548,微盘股
600303,微盘股
2133,微盘股
600235,微盘股
688426,微盘股
1209,微盘股
301037,微盘股
300928,微盘股
300637,微盘股
603768,微盘股
300823,微盘股
600692,微盘股
688296,微盘股
2591,微盘股
300538,微盘股
2381,微盘股
603917,微盘股
603879,微盘股
688573,微盘股
632,微盘股
3003,微盘股
688193,微盘股
301429,微盘股
301113,微盘股
688420,微盘股
856,微盘股
985,微盘股
2205,微盘股
679,微盘股
300778,微盘股
300597,微盘股
301081,微盘股
300721,微盘股
1336,微盘股
301372,微盘股
600119,微盘股
301049,微盘股
301578,微盘股
688528,微盘股
301130,微盘股
603208,微盘股
603307,微盘股
301287,微盘股
603329,微盘股
3008,微盘股
603102,微盘股
300616,微盘股
2963,微盘股
300155,微盘股
600493,微盘股
301418,微盘股
603183,微盘股
688670,微盘股
2715,微盘股
300906,微盘股
605151,微盘股
300112,微盘股
688004,微盘股
600148,微盘股
688671,微盘股
600831,微盘股
603321,微盘股
301390,微盘股
688395,微盘股
301519,微盘股
300929,微盘股
300417,微盘股
300126,微盘股
688701,微盘股
688189,微盘股
688659,微盘股
600359,微盘股
1373,微盘股
688695,微盘股
300838,微盘股
2799,微盘股
300556,微盘股
603717,微盘股
573,微盘股
600697,微盘股
600476,微盘股
605186,微盘股
300746,微盘股
301198,微盘股
1205,微盘股
300106,微盘股
603900,微盘股
955,微盘股
301072,微盘股
603819,微盘股
2193,微盘股
301512,微盘股
300069,微盘股
2858,微盘股
300074,微盘股
600778,微盘股
301192,微盘股
688071,微盘股
688793,微盘股
688310,微盘股
688466,微盘股
603578,微盘股
603023,微盘股
2105,微盘股
2319,微盘股
301359,微盘股
603729,微盘股
600371,微盘股
603356,微盘股
590,微盘股
2968,微盘股
688132,微盘股
300907,微盘股
688078,微盘股
688393,微盘股
603616,微盘股
603028,微盘股
300865,微盘股
688203,微盘股
688069,微盘股
2909,微盘股
688092,微盘股
301131,微盘股
2700,微盘股
688329,微盘股
2633,微盘股
300176,微盘股
688718,微盘股
600661,微盘股
603359,微盘股
2760,微盘股
301001,微盘股
688022,微盘股
300240,微盘股
300612,微盘股
301502,微盘股
3011,微盘股
300845,微盘股
300605,微盘股
688058,微盘股
688288,微盘股
688130,微盘股
300645,微盘股
301139,微盘股
688115,微盘股
2295,微盘股
605189,微盘股
688051,微盘股
688056,微盘股
301505,微盘股
688369,微盘股
688178,微盘股
2862,微盘股
300614,微盘股
688355,微盘股
301314,微盘股
300670,微盘股
688038,微盘股
300854,微盘股
2227,微盘股
600719,微盘股
688096,微盘股
688616,微盘股
2144,微盘股
688021,微盘股
600149,微盘股
301273,微盘股
688272,微盘股
300619,装配建筑
603725,装配建筑
2811,装配建筑
603273,装配建筑
300472,装配建筑
920057,装配建筑
600477,装配建筑
920873,装配建筑
3013,装配建筑
603551,装配建筑
600076,装配建筑
600496,装配建筑
2596,装配建筑
300041,装配建筑
2593,装配建筑
2822,装配建筑
786,装配建筑
797,装配建筑
2398,装配建筑
300019,装配建筑
301632,装配建筑
603828,装配建筑
603916,装配建筑
600510,装配建筑
2208,装配建筑
2271,装配建筑
601727,装配建筑
688646,装配建筑
600629,装配建筑
300767,装配建筑
301027,装配建筑
601096,装配建筑
2541,装配建筑
39,装配建筑
2733,钠离子电池
600152,钠离子电池
688097,钠离子电池
300409,钠离子电池
688005,钠离子电池
2326,钠离子电池
688275,钠离子电池
301238,钠离子电池
300073,钠离子电池
2348,钠离子电池
688707,钠离子电池
2709,钠离子电池
300338,钠离子电池
2866,钠离子电池
300530,钠离子电池
2598,钠离子电池
603895,钠离子电池
2340,钠离子电池
2915,钠离子电池
2108,钠离子电池
601515,钠离子电池
300428,钠离子电池
300438,钠离子电池
2245,钠离子电池
300068,钠离子电池
300758,钠离子电池
300545,钠离子电池
2125,钠离子电池
688184,钠离子电池
920719,钠离子电池
2769,钠离子电池
2580,钠离子电池
688567,钠离子电池
600905,钠离子电池
300376,钠离子电池
688063,钠离子电池
600328,钠离子电池
2053,钠离子电池
300903,钠离子电池
66,钠离子电池
2455,钠离子电池
688818,钠离子电池
2173,人脑工程
301293,人脑工程
600775,人脑工程
603008,人脑工程
301015,人脑工程
300595,人脑工程
2195,人脑工程
603579,人脑工程
688273,人脑工程
300793,人脑工程
688626,人脑工程
301330,人脑工程
300459,人脑工程
300678,人脑工程
3004,人脑工程
300884,人脑工程
688209,人脑工程
2555,人脑工程
2602,人脑工程
300652,人脑工程
688767,人脑工程
301033,人脑工程
301363,人脑工程
300016,人脑工程
301099,人脑工程
300433,人脑工程
2230,人脑工程
688261,人脑工程
603610,人脑工程
688709,人脑工程
2925,人脑工程
2819,人脑工程
2396,人脑工程
688158,人脑工程
300453,生物疫苗
600211,生物疫苗
920575,生物疫苗
300443,生物疫苗
300664,生物疫苗
688739,生物疫苗
2141,生物疫苗
300723,生物疫苗
2727,生物疫苗
300289,生物疫苗
2399,生物疫苗
301207,生物疫苗
600332,生物疫苗
300485,生物疫苗
2007,生物疫苗
688319,生物疫苗
300318,生物疫苗
300601,生物疫苗
600535,生物疫苗
661,生物疫苗
920729,生物疫苗
603392,生物疫苗
2889,生物疫苗
688185,生物疫苗
600851,生物疫苗
300558,生物疫苗
600079,生物疫苗
300142,生物疫苗
300347,生物疫苗
566,生物疫苗
2100,生物疫苗
2581,生物疫苗
300006,生物疫苗
300841,生物疫苗
603127,生物疫苗
2160,生物疫苗
600926,标准普尔
600050,中字头
2120,快递概念
2641,地下管网
600648,内贸流通
600036,证金持股
2022,痘病毒防治
965,滨海新区
601607,中药概念
601512,节能环保
601326,标准普尔
1213,冷链物流
600638,央国企改革
600741,固态电池
600668,中药概念
603368,AI制药（医疗）
2302,反内卷概念
2191,包装材料
600790,电商概念
2091,婴童概念
2016,土地流转
600748,养老概念
600020,参股银行
600278,贬值受益
2589,养老概念
2926,机构重仓
600787,滨海新区
688075,痘病毒防治
601966,机构重仓
600061,证金持股
600109,科创板做市商
2614,养老概念
2573,京津冀
419,内贸流通
600368,电商概念
906,内贸流通
728,证金持股
685,证金持股
600033,参股银行
600018,上海自贸
688298,痘病毒防治
603518,婴童概念
601366,内贸流通
600279,一带一路
601163,胎压监测
2142,证金持股
883,证金持股
603567,中药概念
2010,快递概念
600449,一带一路
544,PPP模式
600094,土地流转
563,证金持股
600551,婴童概念
600708,土地流转
600208,乡村振兴
600643,养老概念
600742,东北振兴
600339,中字头
600037,证金持股
600959,乡村振兴
2608,超超临界发电
600780,证金持股
600429,乳业
300858,乳业
2557,乳业
600127,乳业
2570,乳业
600419,乳业
600882,乳业
300898,乳业
605337,乳业
600597,乳业
605388,乳业
605179,乳业
2458,乳业
300498,乳业
2946,乳业
2329,乳业
920786,乳业
605339,乳业
1318,乳业
300915,乳业
600299,维生素
301211,维生素
2437,维生素
300705,维生素
597,维生素
300791,维生素
603676,维生素
920367,维生素
603235,维生素
2393,维生素
300573,维生素
999,维生素
300765,维生素
2102,维生素
603067,维生素
300568,刀片电池
603032,刀片电池
600210,刀片电池
688379,刀片电池
2824,刀片电池
300648,刀片电池
300096,养老概念
2551,养老概念
601003,养老概念
300024,养老概念
600824,养老概念
300300,养老概念
300562,养老概念
300281,养老概念
301009,养老概念
600664,养老概念
300869,养老概念
2601,养老概念
301187,养老概念
300146,养老概念
2603,养老概念
605001,养老概念
2747,养老概念
603998,养老概念
716,养老概念
300288,养老概念
301595,养老概念
301103,养老概念
603221,养老概念
600329,养老概念
600663,养老概念
300247,养老概念
601318,养老概念
601601,养老概念
795,养老概念
2579,养老概念
600718,养老概念
301551,养老概念
603666,养老概念
600684,养老概念
600250,养老概念
301337,养老概念
300168,养老概念
603583,养老概念
301320,养老概念
601336,养老概念
600530,养老概念
300451,养老概念
2093,养老概念
2044,养老概念
605288,养老概念
2777,养老概念
2162,养老概念
300248,养老概念
2178,养老概念
300253,养老概念
601567,养老概念
300941,养老概念
300365,养老概念
2413,养老概念
300212,养老概念
300166,养老概念
600735,养老概念
300584,幽门螺杆菌概念
300439,幽门螺杆菌概念
300482,幽门螺杆菌概念
300194,幽门螺杆菌概念
2030,幽门螺杆菌概念
300406,幽门螺杆菌概念
603387,幽门螺杆菌概念
2412,幽门螺杆菌概念
300463,幽门螺杆菌概念
600351,幽门螺杆菌概念
2755,幽门螺杆菌概念
301060,幽门螺杆菌概念
301190,幽门螺杆菌概念
2370,幽门螺杆菌概念
605199,幽门螺杆菌概念
688799,幽门螺杆菌概念
301111,幽门螺杆菌概念
300111,幽门螺杆菌概念
603499,化妆品概念
300110,化妆品概念
600249,化妆品概念
2919,化妆品概念
300357,化妆品概念
300955,化妆品概念
2763,化妆品概念
603238,化妆品概念
600436,化妆品概念
603193,化妆品概念
2127,化妆品概念
605136,化妆品概念
603605,化妆品概念
300856,化妆品概念
603511,化妆品概念
920016,化妆品概念
301066,化妆品概念
300242,化妆品概念
300849,化妆品概念
300792,化妆品概念
2094,化妆品概念
301076,化妆品概念
600513,化妆品概念
603529,共享经济
603787,共享经济
600818,共享经济
2605,共享经济
600679,共享经济
800,共享经济
603776,共享经济
572,共享经济
301608,共享经济
601777,共享经济
300590,共享经济
603489,共享经济
300317,共享经济
300225,节能环保
603261,机构重仓
603557,婴童概念
2647,节能环保
300301,PPP模式
300561,股权转让
300716,节能环保
2898,肝炎概念
300462,交运设备
608,西部大开发
300097,MiniLED
600243,西部大开发
300419,互联网金融
300205,股权转让
603822,百元股
2848,央国企改革
2529,新能源车
2650,调味品概念
300211,机构重仓
603398,婴童概念
300460,光刻机(胶)
600892,深圳特区
300020,PPP模式
603559,5G概念
2731,锂电池概念
600636,证金持股
600193,稀土永磁
600777,标准普尔
600358,跨境电商
300175,农业种植
688287,专精特新
2122,拼多多概念
300173,锂电池概念
2214,富时罗素
688511,西部大开发
2199,LED概念
603007,新型城镇化
301288,节能环保
600107,天然气
300044,PPP模式
2816,光刻机(胶)
603869,机构重仓
603517,新零售
3032,职业教育
603389,创投
300052,深圳特区
2592,汽车热管理
300311,京东金融
600624,央国企改革
300326,医疗器械概念
600165,节能环保
600265,机构重仓
820,节能环保
603721,旅游概念
603595,标准普尔
300366,西部大开发
600130,机构重仓
300167,深圳特区
603021,地下管网
2569,参股银行
600228,电商概念
603825,乡村振兴
2058,创投
300555,广电
600360,东北振兴
2253,增强现实
300147,辅助生殖
300506,节能环保
595,西部大开发
821,锂电池概念
2289,深圳特区
688053,机构重仓
668,电商概念
2055,PCB
603377,转债标的
605081,节能环保
600289,PPP模式
603268,贬值受益
603580,贬值受益
600568,病毒防治
600608,内贸流通
2424,工业大麻
920305,专精特新
2808,超级电容
600525,锂电池概念
1270,氮化镓
2485,贬值受益
603813,机构重仓
600057,农业种植
603395,农业种植
600251,农业种植
300972,农业种植
300087,农业种植
300908,农业种植
998,农业种植
600313,农业种植
600540,农业种植
920608,农业种植
920895,农业种植
2041,农业种植
300543,农业种植
600598,农业种植
920855,农业种植
600737,农业种植
850,农业种植
920403,农业种植
920087,农业种植
603166,农业种植
601952,农业种植
300829,农业种植
603336,农业种植
2042,农业种植
300162,农业种植
601118,农业种植
2772,农业种植
300138,农业种植
301096,AI制药（医疗）
301602,AI制药（医疗）
300639,AI制药（医疗）
300206,AI制药（医疗）
688050,AI制药（医疗）
600055,AI制药（医疗）
603990,AI制药（医疗）
600521,AI制药（医疗）
301230,AI制药（医疗）
710,AI制药（医疗）
603882,AI制药（医疗）
688062,AI制药（医疗）
688246,AI制药（医疗）
600728,AI制药（医疗）
300759,AI制药（医疗）
301093,AI制药（医疗）
600850,AI制药（医疗）
300290,AI制药（医疗）
301333,AI制药（医疗）
300634,AI制药（医疗）
2771,AI制药（医疗）
300124,宁组合
300274,宁组合
688981,科创板做市股
300760,医疗器械概念
2415,证金持股
2371,锂电池概念
600900,证金持股
601012,反内卷概念
688111,科创板做市股
2241,证金持股
2475,3D摄像头
603486,宁组合
603501,3D摄像头
600031,雅下水电概念
600763,辅助生殖
603259,宁组合
688169,宁组合
300059,证金持股
601100,工程机械概念
600488,辅助生殖
688575,辅助生殖
688468,辅助生殖
300151,辅助生殖
301235,辅助生殖
600645,辅助生殖
300487,工业大麻
2224,工业大麻
300469,工业大麻
603896,工业大麻
600356,工业大麻
2303,工业大麻
300022,工业大麻
603058,工业大麻
600963,工业大麻
688253,痘病毒防治
688606,痘病毒防治
300396,痘病毒防治
688289,痘病毒防治
600056,痘病毒防治
688317,痘病毒防治
300942,痘病毒防治
688180,痘病毒防治
301080,痘病毒防治
603590,痘病毒防治
688399,痘病毒防治
300832,痘病毒防治
688068,痘病毒防治
688179,痘病毒防治
603986,基金重仓
49,锂电池概念
848,新零售
600398,婴童概念
600660,贬值受益
603160,中芯概念
600522,锂电池概念
2410,标准普尔
300183,央国企改革
600563,标准普尔
2008,锂电池概念
300136,深圳特区
300983,新型城镇化
2034,新型城镇化
301248,新型城镇化
600720,新型城镇化
301109,新型城镇化
2457,新型城镇化
2671,新型城镇化
601686,新型城镇化
603682,新型城镇化
300388,新型城镇化
2887,新型城镇化
603357,新型城镇化
300989,新型城镇化
300986,新型城镇化
301151,新型城镇化
300826,新型城镇化
600736,新型城镇化
601368,新型城镇化
300284,新型城镇化
301136,新型城镇化
2443,新型城镇化
301259,新型城镇化
1230,新型城镇化
300187,新型城镇化
300844,新型城镇化
300977,新型城镇化
300948,新型城镇化
603466,新型城镇化
301091,新型城镇化
301115,新型城镇化
605287,新型城镇化
301046,新型城镇化
603778,新型城镇化
3002,民爆概念
2827,民爆概念
603227,民爆概念
2917,民爆概念
2096,民爆概念
2037,民爆概念
300446,民爆概念
603977,民爆概念
300722,民爆概念
2226,民爆概念
2683,民爆概念
603375,民爆概念
300139,民爆概念
2489,户外露营
603766,户外露营
920132,户外露营
2723,户外露营
605080,户外露营
1238,户外露营
301376,户外露营
300577,户外露营
2615,户外露营
603055,户外露营
300005,户外露营
688765,转基因
300436,肝炎概念
688278,肝炎概念
300529,肝炎概念
600721,肝炎概念
688687,肝炎概念
300039,肝炎概念
600479,肝炎概念
3020,肝炎概念
2737,肝炎概念
300049,肝炎概念
300878,肝炎概念
605369,病毒防治
688221,病毒防治
300434,病毒防治
603367,病毒防治
788,病毒防治
600566,病毒防治
603811,病毒防治
600161,病毒防治
2252,病毒防治
2550,病毒防治
78,病毒防治
603309,病毒防治
404,病毒防治
688566,病毒防治
688321,病毒防治
300341,病毒防治
300813,病毒防治
300161,病毒防治
688488,病毒防治
300618,动力电池回收
2266,动力电池回收
920033,动力电池回收
301219,动力电池回收
601311,动力电池回收
301152,动力电池回收
1283,动力电池回收
301487,动力电池回收
600500,动力电池回收
300647,动力电池回收
2074,动力电池回收
603569,动力电池回收
920030,动力电池回收
652,动力电池回收
300837,动力电池回收
2347,动力电池回收
603088,动力电池回收
2353,动力电池回收
2009,动力电池回收
600549,动力电池回收
2273,3D摄像头
2189,3D摄像头
603005,3D摄像头
2456,3D摄像头
2962,3D摄像头
2036,3D摄像头
2826,中药概念
600285,中药概念
600613,中药概念
2107,中药概念
600976,中药概念
920266,中药概念
603883,中药概念
2275,中药概念
300254,中药概念
603439,中药概念
2287,中药概念
920433,中药概念
600829,中药概念
600222,中药概念
153,中药概念
600422,中药概念
600511,中药概念
2198,中药概念
920566,中药概念
300181,中药概念
300534,中药概念
600628,中药概念
600750,中药概念
600103,中药概念
688658,中药概念
600080,中药概念
300683,中药概念
3041,婴童概念
3010,婴童概念
300888,婴童概念
2083,婴童概念
2705,婴童概念
2327,婴童概念
2293,婴童概念
600327,婴童概念
1206,婴童概念
603839,婴童概念
2959,婴童概念
2563,婴童概念
300329,婴童概念
301283,婴童概念
300314,婴童概念
301108,婴童概念
301004,婴童概念
300994,婴童概念
2640,婴童概念
3006,婴童概念
603301,婴童概念
300658,婴童概念
300783,婴童概念
600630,婴童概念
2955,婴童概念
920262,婴童概念
300043,婴童概念
2511,婴童概念
300359,婴童概念
301011,婴童概念
603085,婴童概念
2878,婴童概念
600189,婴童概念
301276,婴童概念
2292,婴童概念
2599,婴童概念
300901,婴童概念
300979,婴童概念
603615,婴童概念
2678,婴童概念
688513,婴童概念
2875,婴童概念
301025,婴童概念
300246,婴童概念
300920,婴童概念
301231,婴童概念
603406,婴童概念
300279,婴童概念
300703,婴童概念
300995,婴童概念
920036,婴童概念
300685,精准医疗
688505,精准医疗
688301,精准医疗
300598,精准医疗
2642,精准医疗
300720,贬值受益
603558,贬值受益
301003,贬值受益
300879,贬值受益
605365,贬值受益
2815,贬值受益
301061,贬值受益
603215,贬值受益
301356,贬值受益
823,贬值受益
300308,贬值受益
3019,贬值受益
600583,贬值受益
688775,贬值受益
1335,贬值受益
603162,贬值受益
603004,贬值受益
920029,贬值受益
600962,贬值受益
688358,贬值受益
603201,贬值受益
920237,贬值受益
2668,贬值受益
603219,贬值受益
300636,贬值受益
1222,贬值受益
600282,贬值受益
301125,贬值受益
301260,贬值受益
300729,贬值受益
603262,贬值受益
605555,贬值受益
603229,贬值受益
603730,贬值受益
603202,贬值受益
603205,贬值受益
603313,贬值受益
1308,贬值受益
2448,贬值受益
2404,贬值受益
300643,贬值受益
301448,贬值受益
920112,贬值受益
301022,贬值受益
301601,贬值受益
301503,贬值受益
300956,贬值受益
301575,贬值受益
603617,贬值受益
603089,贬值受益
920278,贬值受益
603661,贬值受益
920826,贬值受益
920339,贬值受益
151,贬值受益
301362,贬值受益
301491,贬值受益
301275,贬值受益
2795,贬值受益
600547,贬值受益
600626,贬值受益
688008,贬值受益
600983,贬值受益
600686,贬值受益
1356,贬值受益
2156,贬值受益
2835,贬值受益
600469,贬值受益
920679,贬值受益
605088,贬值受益
301318,贬值受益
600261,贬值受益
301560,贬值受益
2444,贬值受益
600933,贬值受益
300870,贬值受益
600489,贬值受益
601339,贬值受益
600156,贬值受益
920169,贬值受益
2611,贬值受益
2871,贬值受益
300952,贬值受益
2725,贬值受益
920225,贬值受益
605099,贬值受益
2394,贬值受益
300782,贬值受益
1326,贬值受益
2206,贬值受益
601069,贬值受益
300819,贬值受益
920571,贬值受益
600988,贬值受益
605196,贬值受益
301042,贬值受益
920163,贬值受益
1216,贬值受益
301327,贬值受益
2155,贬值受益
600875,贬值受益
2432,贬值受益
301588,贬值受益
200625,汽车整车
900916,交运设备
200550,汽车整车
200045,互联网服务
200017,交运设备
900915,交运设备
900901,互联网服务
900946,交运设备
200488,造纸印刷
300981,医疗器械概念
920199,医疗器械概念
301122,医疗器械概念
300963,医疗器械概念
920050,医疗器械概念
300501,医疗器械概念
688314,医疗器械概念
2901,医疗器械概念
300195,医疗器械概念
301097,医疗器械概念
688013,医疗器械概念
920166,医疗器械概念
300083,医疗器械概念
920180,医疗器械概念
688198,医疗器械概念
688805,医疗器械概念
2462,医疗器械概念
603014,医疗器械概念
603976,医疗器械概念
688236,医疗器械概念
300633,医疗器械概念
601089,医疗器械概念
920504,医疗器械概念
603718,医疗器械概念
688195,医疗器械概念
600529,医疗器械概念
300916,医疗器械概念
920992,医疗器械概念
301106,医疗器械概念
603658,医疗器械概念
688617,医疗器械概念
300298,医疗器械概念
688410,医疗器械概念
688678,医疗器械概念
301367,医疗器械概念
688613,医疗器械概念
603648,医疗器械概念
688315,医疗器械概念
920300,医疗器械概念
301528,医疗器械概念
2111,医疗器械概念
300328,医疗器械概念
920009,医疗器械概念
301631,医疗器械概念
2690,医疗器械概念
2788,医疗器械概念
301552,医疗器械概念
2981,医疗器械概念
300828,医疗器械概念
688306,医疗器械概念
301188,医疗器械概念
688161,医疗器械概念
603380,医疗器械概念
688605,医疗器械概念
21,医疗器械概念
688212,医疗器械概念
920593,医疗器械概念
2698,医疗器械概念
920346,医疗器械概念
688351,医疗器械概念
688677,医疗器械概念
688338,医疗器械概念
3043,医疗器械概念
300563,医疗器械概念
688029,医疗器械概念
2338,医疗器械概念
688271,医疗器械概念
301021,医疗器械概念
688160,医疗器械概念
603733,医疗器械概念
601636,医疗器械概念
887,医疗器械概念
2653,医疗器械概念
301559,医疗器械概念
603386,医疗器械概念
301290,医疗器械概念
300660,医疗器械概念
603665,医疗器械概念
2571,医疗器械概念
688108,医疗器械概念
688085,医疗器械概念
2414,医疗器械概念
688607,医疗器械概念
2935,医疗器械概念
300100,医疗器械概念
2990,医疗器械概念
948,医疗器械概念
301383,医疗器械概念
600206,医疗器械概念
688576,医疗器械概念
688277,医疗器械概念
688712,医疗器械概念
600855,医疗器械概念
301225,医疗器械概念
605218,医疗器械概念
300337,医疗器械概念
301566,医疗器械概念
2560,医疗器械概念
688016,医疗器械概念
688583,医疗器械概念
688017,医疗器械概念
300360,医疗器械概念
688371,医疗器械概念
300018,医疗器械概念
688510,医疗器械概念
301580,医疗器械概念
3021,医疗器械概念
301611,医疗器械概念
300418,医疗器械概念
600135,医疗器械概念
920693,医疗器械概念
2796,医疗器械概念
688655,医疗器械概念
300531,医疗器械概念
657,医疗器械概念
603681,医疗器械概念
2419,白酒
600996,白酒
600382,白酒
603299,白酒
2374,白酒
600395,白酒
603777,白酒
2342,白酒
2575,白酒
601615,标准普尔
601688,证金持股
600886,证金持股
300345,反内卷概念
600678,反内卷概念
761,反内卷概念
600326,反内卷概念
655,反内卷概念
688408,反内卷概念
603071,反内卷概念
603628,反内卷概念
600876,反内卷概念
600801,反内卷概念
601121,反内卷概念
3022,反内卷概念
603260,反内卷概念
301266,反内卷概念
601865,反内卷概念
600403,反内卷概念
600925,反内卷概念
983,反内卷概念
600293,反内卷概念
672,反内卷概念
2129,反内卷概念
2075,反内卷概念
2623,反内卷概念
600808,反内卷概念
600758,反内卷概念
605296,反内卷概念
876,反内卷概念
937,反内卷概念
603212,反内卷概念
1201,反内卷概念
708,反内卷概念
923,反内卷概念
159,反内卷概念
688303,反内卷概念
600481,反内卷概念
600975,反内卷概念
688560,反内卷概念
600399,反内卷概念
2567,反内卷概念
603477,反内卷概念
735,反内卷概念
600507,反内卷概念
603995,反内卷概念
603399,反内卷概念
1269,反内卷概念
603185,反内卷概念
2459,反内卷概念
688680,反内卷概念
920167,反内卷概念
601225,反内卷概念
603381,反内卷概念
688503,反内卷概念
603806,反内卷概念
2548,反内卷概念
600546,反内卷概念
300842,反内卷概念
601001,反内卷概念
571,反内卷概念
600126,反内卷概念
688223,反内卷概念
2218,反内卷概念
600397,反内卷概念
600872,调味品概念
603317,调味品概念
19,调味品概念
300741,调味品概念
603027,调味品概念
603696,调味品概念
600929,调味品概念
601065,调味品概念
603020,调味品概念
600186,调味品概念
603659,锂电池概念
688325,锂电池概念
688360,锂电池概念
1301,锂电池概念
688819,锂电池概念
300077,锂电池概念
300080,锂电池概念
300340,锂电池概念
600367,锂电池概念
695,锂电池概念
301180,锂电池概念
920185,锂电池概念
603315,锂电池概念
603196,锂电池概念
2812,锂电池概念
973,锂电池概念
603010,锂电池概念
603026,锂电池概念
600346,锂电池概念
2416,锂电池概念
600884,锂电池概念
300432,锂电池概念
600067,锂电池概念
920119,锂电池概念
600110,锂电池概念
688353,锂电池概念
603612,锂电池概念
920779,锂电池概念
920239,锂电池概念
300567,锂电池概念
300985,锂电池概念
920175,锂电池概念
301449,锂电池概念
688148,锂电池概念
2052,锂电池概念
920523,锂电池概念
301587,锂电池概念
300457,锂电池概念
920522,锂电池概念
300037,锂电池概念
300410,锂电池概念
2823,锂电池概念
603906,锂电池概念
688345,锂电池概念
2801,锂电池概念
688045,锂电池概念
300655,锂电池概念
603800,锂电池概念
2846,锂电池概念
605378,锂电池概念
68,锂电池概念
545,锂电池概念
2662,锂电池概念
688128,锂电池概念
2080,锂电池概念
2850,锂电池概念
2190,锂电池概念
625,锂电池概念
300631,锂电池概念
600968,锂电池概念
301360,锂电池概念
2057,锂电池概念
300307,锂电池概念
2346,锂电池概念
1223,锂电池概念
688772,锂电池概念
920080,锂电池概念
603303,锂电池概念
2426,锂电池概念
688219,锂电池概念
603186,锂电池概念
2088,锂电池概念
2073,锂电池概念
603928,锂电池概念
2045,锂电池概念
300217,锂电池概念
603344,锂电池概念
600071,锂电池概念
603823,锂电池概念
920871,锂电池概念
2418,锂电池概念
688529,锂电池概念
920580,锂电池概念
301121,锂电池概念
300707,锂电池概念
300520,锂电池概念
2097,锂电池概念
300484,锂电池概念
688602,锂电池概念
300889,锂电池概念
2256,锂电池概念
301348,锂电池概念
603312,锂电池概念
600711,锂电池概念
688320,锂电池概念
2806,锂电池概念
17,锂电池概念
920627,锂电池概念
2077,锂电池概念
300450,锂电池概念
603124,锂电池概念
300565,锂电池概念
300587,锂电池概念
920284,锂电池概念
688173,锂电池概念
2976,锂电池概念
301421,锂电池概念
532,锂电池概念
688595,锂电池概念
603283,锂电池概念
301325,锂电池概念
600869,锂电池概念
688006,锂电池概念
1359,锂电池概念
688499,锂电池概念
300134,锂电池概念
2882,锂电池概念
688686,锂电池概念
300930,锂电池概念
301157,锂电池概念
600362,锂电池概念
300128,锂电池概念
570,锂电池概念
301210,锂电池概念
600052,锂电池概念
300998,锂电池概念
600111,锂电池概念
920252,锂电池概念
300327,锂电池概念
603379,锂电池概念
688557,锂电池概念
603052,锂电池概念
2012,锂电池概念
300582,锂电池概念
2518,锂电池概念
733,锂电池概念
301511,锂电池概念
300510,锂电池概念
300991,锂电池概念
920971,锂电池概念
688484,锂电池概念
300953,锂电池概念
688516,锂电池概念
688559,锂电池概念
920061,锂电池概念
600151,锂电池概念
603271,锂电池概念
605376,锂电池概念
300082,锂电池概念
2389,锂电池概念
688599,锂电池概念
301217,锂电池概念
603826,锂电池概念
2585,锂电池概念
2309,锂电池概念
630,锂电池概念
301150,锂电池概念
2121,锂电池概念
688733,锂电池概念
688779,锂电池概念
688778,锂电池概念
2632,锂电池概念
301392,锂电池概念
603876,锂电池概念
688518,锂电池概念
688157,锂电池概念
301086,锂电池概念
688531,锂电池概念
688155,锂电池概念
301662,锂电池概念
559,锂电池概念
600219,锂电池概念
636,锂电池概念
600531,锂电池概念
688388,锂电池概念
600330,锂电池概念
688359,锂电池概念
688383,锂电池概念
2957,锂电池概念
301079,锂电池概念
601212,锂电池概念
600482,锂电池概念
300062,锂电池概念
300876,锂电池概念
603618,锂电池概念
2877,锂电池概念
603220,锂电池概念
2298,锂电池概念
2859,锂电池概念
920099,环氧丙烷
2408,环氧丙烷
920261,环氧丙烷
605020,环氧丙烷
2809,环氧丙烷
301,环氧丙烷
812,包装材料
301223,包装材料
301296,包装材料
2752,包装材料
920392,包装材料
2735,包装材料
2787,包装材料
301062,包装材料
659,包装材料
301307,固态电池
2203,固态电池
603683,固态电池
605100,固态电池
688323,固态电池
601633,固态电池
2965,固态电池
300686,固态电池
688103,固态电池
600733,固态电池
688162,固态电池
600166,固态电池
688146,固态电池
2392,固态电池
688199,固态电池
2992,固态电池
603663,固态电池
300285,固态电池
338,固态电池
603051,固态电池
688683,固态电池
601677,固态电池
300473,固态电池
3036,固态电池
688299,固态电池
600552,固态电池
688737,固态电池
688392,固态电池
688333,固态电池
920508,固态电池
2167,固态电池
688334,固态电池
1207,固态电池
688170,固态电池
688411,固态电池
2403,土地流转
620,土地流转
600515,土地流转
600506,土地流转
920419,宠物经济
605338,宠物经济
603231,宠物经济
2330,宠物经济
300673,宠物经济
301335,宠物经济
920946,宠物经济
301498,宠物经济
301116,宠物经济
301110,宠物经济
300822,宠物经济
2891,宠物经济
300825,宠物经济
920476,宠物经济
2161,宠物经济
300012,宠物经济
301428,宠物经济
600428,中字头
603279,节能环保
2572,电商概念
2508,标准普尔
601598,跨境电商
600060,体育产业
429,机构重仓
603833,转债标的
603565,冷链物流
601928,机构重仓
600757,证金持股
603967,冷链物流
828,机构重仓
2478,超超临界发电
601000,京津冀
603611,工程机械概念
601919,中字头
601298,标准普尔
603167,机构重仓
600023,超超临界发电
601857,中字头
605599,电商概念
601900,参股银行
600938,中字头
951,汽车整车
603816,电商概念
600710,内贸流通
719,电商概念
601975,机构重仓
2532,富时罗素
601600,中字头
600295,标准普尔
601877,石墨烯
603897,标准普尔
2134,滨海新区
600874,滨海新区
2337,滨海新区
300375,滨海新区
600751,滨海新区
415,滨海新区
2899,冰雪经济
2523,冰雪经济
300860,冰雪经济
601188,冰雪经济
2659,冰雪经济
300133,冰雪经济
600158,冰雪经济
300784,旅游概念
600088,旅游概念
600880,旅游概念
301262,旅游概念
917,旅游概念
600640,旅游概念
600693,旅游概念
300291,旅游概念
603123,旅游概念
600320,PPP模式
600610,西部大开发
600841,汽车整车
600650,冷链物流
600835,节能环保
30,证金持股
20,机构重仓
600611,电商概念
600848,上海自贸
58,深圳特区
600612,沪企改革
600822,内贸流通
541,跨境电商
550,汽车整车
25,内贸流通
600698,节能环保
29,深圳特区
45,深圳特区
26,内贸流通
600617,央国企改革
600843,沪企改革
581,轮毂电机
16,PPP模式
37,机构重仓
600776,央国企改革
600845,中特估
600602,沪企改革
600012,机构重仓
600350,机构重仓
600729,内贸流通
600461,PPP模式
601098,机构重仓
603508,机构重仓
600901,机构重仓
603587,电商概念
2818,电商概念
600377,机构重仓
2154,电商概念
600724,央国企改革
2884,水利建设
601086,内贸流通
605368,转债标的
601019,标准普尔
600027,证金持股
600066,汽车整车
2048,标准普尔
2043,电商概念
603156,标准普尔
2540,转债标的
601126,核能核电
300306,基因测序
2131,基因测序
2356,内贸流通
600605,内贸流通
300464,内贸流通
829,内贸流通
62,内贸流通
927,内贸流通
600712,内贸流通
300755,内贸流通
600981,内贸流通
600838,内贸流通
600785,内贸流通
603939,内贸流通
605266,内贸流通
2697,内贸流通
600738,内贸流通
605188,内贸流通
600861,内贸流通
753,内贸流通
603719,内贸流通
2561,内贸流通
600858,内贸流通
603101,内贸流通
600386,内贸流通
300650,内贸流通
600280,内贸流通
603233,内贸流通
603708,内贸流通
600865,内贸流通
300209,内贸流通
715,内贸流通
2264,内贸流通
2441,内贸流通
601933,内贸流通
96,内贸流通
300937,内贸流通
300622,内贸流通
2187,内贸流通
600361,内贸流通
601116,内贸流通
759,内贸流通
417,内贸流通
300184,内贸流通
600916,内贸流通
600058,内贸流通
300975,内贸流通
603353,内贸流通
554,内贸流通
600828,内贸流通
2221,内贸流通
300131,内贸流通
300945,内贸流通
34,内贸流通
601127,汽车整车
868,汽车整车
600006,汽车整车
301039,汽车整车
600375,汽车整车
957,汽车整车
600418,汽车整车
603669,流感
301075,流感
603277,地摊经济
2695,地摊经济
1696,地摊经济
2702,地摊经济
300808,地摊经济
600415,地摊经济
688106,科创板做市股
688099,科创板做市股
688690,科创板做市股
688777,科创板做市股
688728,科创板做市股
688676,科创板做市股
688012,科创板做市股
688093,科创板做市股
688046,科创板做市股
688800,科创板做市股
688122,科创板做市股
688228,科创板做市股
688009,科创板做市股
688297,科创板做市股
688318,科创板做市股
688002,科创板做市股
688479,科创板做市股
688337,科创板做市股
48,乡村振兴
816,乡村振兴
600936,乡村振兴
600218,乡村振兴
603091,乡村振兴
920208,乡村振兴
2291,乡村振兴
603018,乡村振兴
920370,乡村振兴
300997,乡村振兴
603284,乡村振兴
920184,乡村振兴
300275,乡村振兴
603289,乡村振兴
425,乡村振兴
600536,乡村振兴
603636,乡村振兴
920807,乡村振兴
157,乡村振兴
2908,乡村振兴
3039,乡村振兴
300663,乡村振兴
300525,乡村振兴
997,乡村振兴
603109,乡村振兴
680,乡村振兴
300560,乡村振兴
301107,乡村振兴
300967,乡村振兴
300140,乡村振兴
300513,乡村振兴
600292,乡村振兴
603300,乡村振兴
688500,乡村振兴
603189,乡村振兴
300229,乡村振兴
300603,乡村振兴
603207,独家药品
603290,宁组合
2527,同步磁阻电机
600580,同步磁阻电机
688698,同步磁阻电机
2334,同步磁阻电机
3000,社区团购
2991,社区团购
300094,社区团购
600113,社区团购
607,社区团购
2726,社区团购
2299,社区团购
300425,海绵城市
2372,海绵城市
601158,海绵城市
300355,海绵城市
300075,海绵城市
600168,海绵城市
600191,粮食概念
689009,交运设备
920027,交运设备
920058,交运设备
301048,交运设备
688285,交运设备
688569,交运设备
603500,交运设备
600495,交运设备
913,交运设备
688459,交运设备
603111,交运设备
600967,交运设备
925,交运设备
301345,交运设备
688015,交运设备
603680,交运设备
301016,交运设备
920541,交运设备
688367,交运设备
603129,交运设备
301322,交运设备
300351,交运设备
605298,交运设备
300204,单抗概念
688443,单抗概念
688336,单抗概念
688177,单抗概念
688235,单抗概念
688266,单抗概念
600930,机构重仓
601728,中字头
601985,中字头
601816,中特估
688256,Chiplet概念
601628,中字头
600030,证金持股
603019,中字头
601211,证金持股
600150,中字头
600760,标准普尔
688041,融资融券
600406,PPP模式
300522,石墨烯
565,石墨烯
3012,石墨烯
603650,石墨烯
2365,石墨烯
300599,石墨烯
2484,石墨烯
2263,石墨烯
300684,石墨烯
2724,石墨烯
300602,石墨烯
599,石墨烯
300697,石墨烯
301489,石墨烯
2634,石墨烯
600888,石墨烯
2471,石墨烯
300806,石墨烯
2852,电商概念
605056,电商概念
920926,电商概念
300625,电商概念
2021,电商概念
2583,电商概念
300866,电商概念
300824,电商概念
603116,电商概念
603365,电商概念
2722,电商概念
603877,电商概念
300292,电商概念
2902,电商概念
603600,电商概念
600115,电商概念
603808,电商概念
2867,电商概念
300805,电商概念
2301,电商概念
603848,电商概念
603866,电商概念
301088,电商概念
301381,电商概念
2847,电商概念
2397,电商概念
600825,电商概念
600577,电商概念
603886,电商概念
2803,电商概念
601566,电商概念
300413,电商概念
300591,电商概念
1221,电商概念
300085,电商概念
2103,电商概念
603613,电商概念
2029,电商概念
2853,电商概念
301563,电商概念
301558,电商概念
301189,电商概念
2982,电商概念
300592,电商概念
2236,电商概念
61,电商概念
300051,电商概念
300795,电商概念
301029,电商概念
2995,电商概念
601811,电商概念
2682,电商概念
600794,电商概念
601689,电商概念
600570,电商概念
2515,电商概念
676,电商概念
600637,电商概念
2153,电商概念
2181,电商概念
2163,电商概念
2315,电商概念
600770,电商概念
600446,电商概念
603598,电商概念
920227,电商概念
2095,电商概念
688365,电商概念
300785,电商概念
300067,电商概念
300624,电商概念
300873,电商概念
300608,电商概念
2657,电商概念
300868,电商概念
2017,电商概念
603608,电商概念
603001,电商概念
300017,电商概念
1896,电商概念
688656,体外诊断概念
688386,氟化工概念
300346,氟化工概念
603310,氟化工概念
600378,氟化工概念
688549,氟化工概念
600184,氟化工概念
600791,京津冀
600246,京津冀
969,京津冀
2282,京津冀
1220,京津冀
600463,京津冀
920021,京津冀
600480,京津冀
2510,京津冀
300332,京津冀
158,京津冀
600376,京津冀
958,京津冀
300774,京津冀
600100,京津冀
300065,京津冀
600550,京津冀
605016,代糖概念
2078,代糖概念
600783,代糖概念
603568,PPP模式
300190,PPP模式
600072,PPP模式
600323,PPP模式
603817,PPP模式
598,PPP模式
601827,PPP模式
300055,PPP模式
601033,PPP模式
603903,PPP模式
600526,PPP模式
783,PPP模式
603081,PPP模式
600106,PPP模式
300210,PPP模式
300145,PPP模式
35,PPP模式
601200,PPP模式
688509,PPP模式
2973,PPP模式
603686,PPP模式
27,PPP模式
967,PPP模式
300815,PPP模式
600562,PPP模式
603588,PPP模式
300001,PPP模式
603707,肝素概念
603280,跨境电商
301606,跨境电商
603059,跨境电商
688455,跨境电商
1391,跨境电商
2098,跨境电商
920242,跨境电商
601021,跨境电商
601956,跨境电商
603128,跨境电商
603069,跨境电商
1317,跨境电商
920267,跨境电商
1300,跨境电商
600185,跨境电商
601156,跨境电商
603535,跨境电商
2800,跨境电商
905,跨境电商
1287,跨境电商
300213,跨境电商
300918,跨境电商
2354,跨境电商
920445,跨境电商
920190,跨境电商
300781,跨境电商
301171,跨境电商
2993,跨境电商
300058,跨境电商
603056,跨境电商
920879,雅下水电概念
920174,雅下水电概念
3001,雅下水电概念
601608,雅下水电概念
300411,雅下水电概念
300627,雅下水电概念
528,雅下水电概念
300036,雅下水电概念
603191,雅下水电概念
600131,雅下水电概念
1208,雅下水电概念
600268,雅下水电概念
3016,新零售
605499,新零售
300441,新零售
2376,新零售
601801,新零售
2832,新零售
300378,新零售
681,新零售
2488,新零售
300486,冷链物流
600603,冷链物流
600125,冷链物流
2454,冷链物流
603066,冷链物流
603006,冷链物流
2031,冷链物流
688398,冷链物流
605089,冷链物流
529,冷链物流
603339,冷链物流
88,冷链物流
2837,冷链物流
601228,冷链物流
600676,冷链物流
2840,冷链物流
300807,冷链物流
301226,冷链物流
300667,冷链物流
920689,冷链物流
519,冷链物流
300423,冷链物流
603871,冷链物流
2537,冷链物流
300257,冷链物流
600410,冷链物流
920159,融资融券
603248,风能
301629,机构重仓
920018,新能源车
1280,核能核电
601112,风能
688816,新能源车
920037,融资融券
603175,PCB
603210,新能源车
1396,地下管网
301687,PCB
920015,光刻机(胶)
301656,机构重仓
688755,融资融券
920076,融资融券
301630,PCB
920003,融资融券
1382,融资融券
603376,新能源车
688727,光刻机(胶)
920007,融资融券
688729,央国企改革
603334,融资融券
920005,汽车热管理
920124,融资融券
920168,新能源车
603370,机构重仓
920101,中俄贸易概念
920160,央国企改革
920121,造纸印刷
920020,融资融券
301678,融资融券
603418,融资融券
603049,机构重仓
688783,融资融券
688785,融资融券
1390,参股银行
920187,新能源车
301636,新能源车
920158,节能环保
920100,融资融券
688796,融资融券
301501,降解塑料
1285,新能源车
920035,融资融券
1388,中俄贸易概念
301535,新能源车
920022,氢能源
688802,融资融券
301616,参股银行
688795,融资融券
603352,新能源车
1325,融资融券
688759,创新药
301590,融资融券
920045,融资融券
920068,融资融券
301479,新能源车
603382,机构重仓
688809,融资融券
603257,一带一路
1386,融资融券
688790,拼多多概念
920056,融资融券
688757,融资融券
301668,机构重仓
603400,融资融券
920183,融资融券
920086,一带一路
920091,融资融券
1233,融资融券
301609,核能核电
301638,央国企改革
1400,工程机械概念
301658,融资融券
688807,融资融券
301680,新能源车
601106,中字头
920122,中字头
601111,中字头
601881,中字头
301508,中字头
603126,中字头
99,中字头
301215,中字头
301516,中字头
601061,中字头
600764,中字头
601858,中字头
601319,中字头
2423,中字头
600977,中字头
600176,中字头
600026,中字头
688119,中字头
300847,中字头
302132,中字头
600685,中字头
2401,中字头
617,中字头
831,中字头
601949,中字头
601698,中字头
758,中字头
600118,中字头
600862,中字头
601179,中字头
839,中字头
2366,节能环保
2645,节能环保
601139,证金持股
938,深证100R
533,水利建设
2281,标准普尔
688238,免疫治疗
600009,上海自贸
603068,上海自贸
600651,上海自贸
600826,上海自贸
603009,上海自贸
688521,上海自贸
600746,央国企改革
600830,央国企改革
2032,机构重仓
300031,增强现实
2384,深证100R
600537,TOPCon电池
600987,标准普尔
600081,氢能源
300032,创投
600620,参股银行
600641,机构重仓
2333,房屋检测
600834,央国企改革
600601,PCB
600665,西部大开发
2367,创投
2860,HJT电池
600662,沪企改革
2318,超超临界发电
601788,证金持股
2119,核能核电
300230,创业板综
421,央国企改革
300078,并购重组概念
601002,标准普尔
600584,Chiplet概念
601008,中俄贸易概念
2718,拼多多概念
2003,社保重仓
600283,节能环保
2343,央国企改革
2284,胎压监测
2239,央国企改革
2079,胎压监测
600798,中俄贸易概念
600171,标准普尔
2164,风能
600073,预制菜概念
300025,融资融券
600460,标准普尔
2328,一带一路
300076,机构重仓
2276,标准普尔
605008,节能环保
600621,沪企改革
300008,一带一路
2708,股权转让
2196,一带一路
300061,股权转让
600173,风能
936,参股银行
2184,创投
2182,汽车一体化压铸
156,智能电视
2201,参股银行
300033,证金持股
600114,标准普尔
601519,京东金融
600973,标准普尔
2278,中俄贸易概念
600120,证金持股
600688,中特估
600490,标准普尔
700,富时罗素
600654,人工智能
600730,创投
2006,融资融券
600366,标准普尔
603131,一带一路
600732,股权激励
2090,机构重仓
2067,快递概念
2040,机构重仓
603012,股权激励
600889,央国企改革
600021,证金持股
600571,创投
2085,汽车一体化压铸
600871,标准普尔
600475,节能环保
600501,节能环保
600633,证金持股
600487,标准普尔
2290,新材料
600982,工业气体
2115,机构重仓
600797,互联医疗
2322,节能环保
603117,股权转让
2104,一带一路
2364,标准普尔
2380,超超临界发电
2112,参股银行
3037,地下管网
2554,地下管网
920943,地下管网
600969,地下管网
603856,地下管网
688710,创新药
920047,创新药
688091,创新药
688428,创新药
920478,创新药
688506,创新药
688578,创新药
688197,创新药
688550,创新药
688373,创新药
920017,创新药
920344,创新药
688553,创新药
688331,创新药
688192,创新药
688222,创新药
688176,创新药
688382,创新药
2661,预制菜概念
603043,预制菜概念
603237,预制菜概念
1215,预制菜概念
920273,预制菜概念
603345,预制菜概念
603057,预制菜概念
605167,中俄贸易概念
920706,中俄贸易概念
1319,中俄贸易概念
300912,中俄贸易概念
1360,中俄贸易概念
920106,中俄贸易概念
920454,中俄贸易概念
300228,中俄贸易概念
301459,中俄贸易概念
301158,中俄贸易概念
300135,中俄贸易概念
2406,中俄贸易概念
600405,中俄贸易概念
301439,中俄贸易概念
2757,中俄贸易概念
2792,中俄贸易概念
603328,证金持股
2225,证金持股
601901,证金持股
601995,证金持股
601066,证金持股
31,证金持股
2736,证金持股
2500,证金持股
600011,证金持股
600958,证金持股
686,证金持股
600029,证金持股
631,证金持股
166,证金持股
6,证金持股
776,证金持股
600999,证金持股
2267,证金持股
601377,证金持股
768,证金持股
600435,证金持股
63,证金持股
601808,证金持股
600863,证金持股
601018,证金持股
300408,证金持股
600588,证金持股
2066,证金持股
600795,证金持股
600674,证金持股
600578,证金持股
300321,证金持股
1311,汽车一体化压铸
603348,汽车一体化压铸
300415,汽车一体化压铸
603982,汽车一体化压铸
605018,汽车一体化压铸
603190,汽车一体化压铸
2101,汽车一体化压铸
2997,汽车一体化压铸
2863,汽车一体化压铸
2906,汽车一体化压铸
301398,汽车一体化压铸
605050,汽车一体化压铸
2547,汽车一体化压铸
2204,东北振兴
600609,东北振兴
601999,东北振兴
601518,东北振兴
2232,东北振兴
600182,东北振兴
600178,东北振兴
600095,东北振兴
600215,东北振兴
410,东北振兴
2123,东北振兴
600333,东北振兴
901,东北振兴
751,东北振兴
600396,东北振兴
688073,CRO
301393,CRO
688247,CRO
301201,CRO
2429,拼多多概念
300710,拼多多概念
2117,拼多多概念
300766,拼多多概念
600025,中特估
2916,中特估
1965,中特估
600271,中特估
2368,中特估
688396,中特估
600498,中特估
601083,沪企改革
600635,沪企改革
300236,PVDF概念
300056,PVDF概念
603151,猪肉概念
920970,猪肉概念
300761,猪肉概念
603363,猪肉概念
301389,复合集流体
688700,复合集流体
300706,复合集流体
603773,复合集流体
688020,复合集流体
688530,复合集流体
2463,深证100R
300502,深证100R
2027,深证100R
1289,深证100R
2625,深证100R
975,深证100R
300476,深证100R
300628,深证100R
301269,深证100R
2493,深证100R
2920,深证100R
2600,深证100R
2049,深证100R
2938,深证100R
977,深证100R
300394,深证100R
300661,深证100R
300442,深证100R
1309,AIPC
688525,AIPC
688183,AIPC
301308,AIPC
1339,AIPC
920857,AIPC
920060,AIPC
688036,AIPC
603296,AIPC
688123,AIPC
2577,AIPC
600745,AIPC
300968,AIPC
300909,AIPC
603890,AIPC
603341,AIPC
2913,AIPC
301329,AIPC
2845,AIPC
1314,AIPC
301321,AIPC
300115,AIPC
301236,AIPC
300496,AIPC
688258,AIPC
2975,AIPC
301312,AIPC
2843,AIPC
600233,快递概念
300350,快递概念
2468,快递概念
300771,快递概念
688251,快递概念
2492,快递概念
688648,快递概念
301045,智能电视
810,智能电视
300079,智能电视
2519,智能电视
600803,天然气
600183,标准普尔
601059,央国企改革
601138,标准普尔
601456,机构重仓
601878,科创板做市商
688072,中芯概念
601136,央国企改革
688126,中芯概念
688082,融资融券
605117,融资融券
603893,股权激励
688249,央国企改革
601872,标准普尔
600372,标准普尔
688047,机构重仓
600893,参股银行
601360,参股银行
600236,参股银行
688208,胎压监测
2813,胎压监测
2405,胎压监测
603197,胎压监测
300445,胎压监测
2666,胎压监测
300507,胎压监测
2766,胎压监测
603390,胎压监测
603358,胎压监测
603266,胎压监测
300304,胎压监测
920429,体育产业
300232,体育产业
2918,体育产业
2587,体育产业
605299,体育产业
605168,体育产业
300218,体育产业
1234,体育产业
2400,体育产业
300397,体育产业
603000,体育产业
300651,体育产业
300385,医废处理
2483,医废处理
300867,医废处理
885,医废处理
2672,医废处理
2514,医废处理
920579,医废处理
688689,Chiplet概念
603011,Chiplet概念
688216,Chiplet概念
688603,Chiplet概念
688720,Chiplet概念
300398,Chiplet概念
300493,Chiplet概念
600520,Chiplet概念
2185,Chiplet概念
688362,Chiplet概念
688135,Chiplet概念
688535,Chiplet概念
300814,Chiplet概念
688485,噪声防治
300715,噪声防治
920402,工业气体
688596,工业气体
301286,工业气体
300540,工业气体
688548,工业气体
300569,转债标的
605222,转债标的
300121,转债标的
2998,转债标的
300894,转债标的
703,转债标的
300054,转债标的
605319,转债标的
605068,转债标的
300692,转债标的
605488,转债标的
600810,转债标的
603801,转债标的
300779,转债标的
301040,转债标的
300926,转债标的
2798,转债标的
603713,转债标的
300737,转债标的
603180,转债标的
301036,转债标的
600483,转债标的
605138,转债标的
2833,转债标的
301186,转债标的
300787,转债标的
603355,转债标的
688533,转债标的
300891,转债标的
300969,转债标的
605058,转债标的
300196,转债标的
605007,转债标的
603638,转债标的
300973,转债标的
301127,转债标的
300429,转债标的
601619,转债标的
603689,转债标的
603306,转债标的
601108,转债标的
605358,转债标的
2984,转债标的
600903,转债标的
605006,转债标的
2452,转债标的
300553,转债标的
603060,转债标的
603901,转债标的
605166,转债标的
603759,转债标的
301297,转债标的
300613,转债标的
2937,转债标的
688589,转债标的
300775,转债标的
688711,转债标的
603596,转债标的
688352,转债标的
603105,转债标的
688147,转债标的
2930,转债标的
688536,转债标的
300843,转债标的
605162,转债标的
603037,转债标的
300644,转债标的
2996,转债标的
300996,转债标的
688066,转债标的
688798,转债标的
300763,转债标的
601609,转债标的
688403,转债标的
688401,转债标的
1288,转债标的
301053,转债标的
300853,转债标的
688292,转债标的
688030,转债标的
300488,转债标的
2989,转债标的
603878,转债标的
688019,转债标的
688003,转债标的
300911,转债标的
300798,转债标的
688502,转债标的
300424,转债标的
688597,转债标的
603308,转债标的
301193,转债标的
688590,转债标的
300480,转债标的
688001,转债标的
603165,转债标的
300231,转债标的
688372,转债标的
688311,转债标的
603097,转债标的
688210,转债标的
603912,转债标的
601778,转债标的
300776,转债标的
688239,转债标的
591,转债标的
688300,转债标的
605366,转债标的
300738,转债标的
301268,转债标的
300316,创业成份
600918,机构重仓
601236,西部大开发
807,节能环保
300251,参股银行
601058,标准普尔
688472,HJT电池
300803,创业成份
300864,土壤修复
2967,土壤修复
301228,土壤修复
688480,土壤修复
688519,增强现实
2931,新能源车
601218,风能
688109,AI眼镜
300611,机构重仓
2545,参股银行
300724,深圳特区
3026,新材料
2933,央国企改革
603737,标准普尔
688787,融资融券
603322,国产芯片
2947,股权激励
688143,融资融券
2928,标准普尔
1298,深圳特区
526,半导体概念
1239,工程机械概念
603173,天然气
600004,免税概念
603586,新能源车
603326,机构重仓
1268,机器人概念
603656,股权激励
603223,节能环保
557,机构重仓
1389,PCB
300984,融资融券
300604,创业成份
603236,富时罗素
1380,新能源车
688213,AI眼镜
2434,标准普尔
2739,机构重仓
605198,节能环保
300733,西部大开发
688696,西部大开发
603325,融资融券
605259,发电机概念
300702,富时罗素
89,标准普尔
2939,标准普尔
688049,智能家居
300322,富时罗素
603311,节能环保
688591,智能家居
750,标准普尔
688186,工程机械概念
301132,机构重仓
600906,央国企改革
601099,机构重仓
2402,标准普尔
600179,统一大市场
2765,西部大开发
688523,融资融券
688665,节能环保
603997,基金重仓
2373,标准普尔
688293,融资融券
2174,增强现实
605228,新能源车
300148,增强现实
2479,节能环保
300666,中芯概念
300105,超超临界发电
688182,融资融券
2945,西部大开发
300620,机构重仓
2649,创投
605118,AI眼镜
688608,荣耀概念
688018,机构重仓
688522,机构重仓
603950,飞行汽车(eVTOL)
2609,深圳特区
2670,标准普尔
2729,风能
2476,天然气
603061,机构重仓
603103,标准普尔
301031,西部大开发
1266,PCB
603063,深圳特区
600595,融资融券
2881,深圳特区
688582,融资融券
688768,风能
603678,核能核电
605289,新能源车
688508,中芯概念
601020,标准普尔
600986,标准普尔
688668,融资融券
2248,铁路基建
603267,富时罗素
603083,智能家居
880,央国企改革
612,机构重仓
531,股权转让
987,机构重仓
600961,央国企改革
301165,央国企改革
2970,深圳特区
2961,参股期货
688025,基金重仓
988,标准普尔
600744,超超临界发电
601555,科创板做市商
300296,裸眼3D
300264,裸眼3D
301589,裸眼3D
2449,裸眼3D
301313,裸眼3D
300331,裸眼3D
301102,裸眼3D
600203,裸眼3D
300269,裸眼3D
688039,裸眼3D
300389,裸眼3D
688079,裸眼3D
605389,工程机械概念
600817,工程机械概念
600815,工程机械概念
920245,工程机械概念
2526,工程机械概念
920599,工程机械概念
301538,工程机械概念
301533,工程机械概念
603338,工程机械概念
300718,工程机械概念
301161,工程机械概念
920942,工程机械概念
301633,工程机械概念
301032,工程机械概念
603194,工程机械概念
600761,工程机械概念
600984,工程机械概念
603298,工程机械概念
2530,工程机械概念
1226,工程机械概念
2272,工程机械概念
301446,工程机械概念
601226,工程机械概念
603929,中芯概念
920179,中芯概念
603324,中芯概念
688138,中芯概念
688469,中芯概念
688206,中芯概念
688120,中芯概念
688545,中芯概念
603078,中芯概念
603633,中芯概念
300623,中芯概念
300458,中芯概念
688107,中芯概念
920139,中芯概念
688432,中芯概念
300416,中芯概念
688652,中芯概念
688037,中芯概念
300373,中芯概念
600198,中芯概念
688233,中芯概念
603203,中芯概念
688361,中芯概念
2046,中芯概念
2703,机构重仓
601717,机构重仓
600860,标准普尔
301200,PCB
601107,机构重仓
2202,标准普尔
688339,节能环保
688234,第三代半导体
300638,深圳特区
688385,融资融券
2130,深圳特区
601375,标准普尔
601869,标准普尔
688279,机构重仓
600699,机构重仓
2865,海南自贸
1236,央国企改革
2490,股权转让
688052,融资融券
688347,央国企改革
603093,参股期货
603178,轮毂电机
300695,轮毂电机
2590,轮毂电机
603350,轮毂电机
2517,基金重仓
300395,基金重仓
2956,基金重仓
688498,基金重仓
688627,基金重仓
2558,基金重仓
2472,基金重仓
603179,基金重仓
301550,基金重仓
603119,基金重仓
300593,基金重仓
603667,基金重仓
300393,股权转让
603677,股权转让
920198,股权转让
300668,股权转让
300270,股权转让
1212,股权转让
920641,股权转让
2438,超超临界发电
601399,超超临界发电
600558,超超临界发电
1286,超超临界发电
966,超超临界发电
767,超超临界发电
899,超超临界发电
2320,免税概念
2978,钛白粉概念
629,钛白粉概念
301306,社保重仓
2831,社保重仓
301525,社保重仓
688269,社保重仓
300662,社保重仓
300836,社保重仓
603619,社保重仓
300617,社保重仓
603209,统一大市场
1202,统一大市场
1228,统一大市场
300532,统一大市场
601022,统一大市场
582,统一大市场
920351,统一大市场
2516,抗菌面料
605003,抗菌面料
2151,水利建设
300177,水利建设
2686,水利建设
300800,水利建设
688609,水利建设
2893,水利建设
688159,水利建设
2132,水利建设
2383,水利建设
2065,水利建设
600343,水利建设
2149,水利建设
603863,节能环保
688335,节能环保
603949,节能环保
603701,节能环保
688551,节能环保
688196,节能环保
1333,节能环保
688571,节能环保
300072,节能环保
688376,节能环保
301028,节能环保
920263,节能环保
1210,节能环保
688350,节能环保
600579,节能环保
2983,节能环保
803,节能环保
603153,节能环保
300234,节能环保
300950,节能环保
688121,节能环保
301289,节能环保
603989,节能环保
301585,节能环保
300174,节能环保
603391,节能环保
300492,节能环保
301557,节能环保
920751,节能环保
300048,节能环保
2651,节能环保
1376,节能环保
301203,节能环保
301175,节能环保
601113,节能环保
920089,节能环保
300905,节能环保
920145,节能环保
601199,节能环保
301026,节能环保
300293,节能环保
920407,节能环保
600116,节能环保
601908,节能环保
600098,节能环保
688448,节能环保
603320,节能环保
1322,节能环保
300192,节能环保
688501,节能环保
2616,节能环保
688679,节能环保
605169,节能环保
600459,节能环保
2169,节能环保
300680,节能环保
605028,节能环保
300342,节能环保
300063,节能环保
605011,节能环保
300816,节能环保
688370,节能环保
688175,节能环保
600517,节能环保
300499,节能环保
600452,节能环保
688585,节能环保
601388,节能环保
688309,节能环保
603269,节能环保
301500,节能环保
301012,节能环保
600172,节能环保
300153,节能环保
2335,节能环保
300303,节能环保
300040,节能环保
688087,节能环保
300936,机构重仓
2903,机构重仓
603226,机构重仓
300129,机构重仓
301399,机构重仓
600468,机构重仓
301591,机构重仓
301181,机构重仓
300927,机构重仓
300988,机构重仓
603657,机构重仓
301196,机构重仓
301252,机构重仓
605255,机构重仓
300812,机构重仓
509,机构重仓
2774,机构重仓
603829,机构重仓
688726,机构重仓
301135,机构重仓
920519,机构重仓
536,机构重仓
301137,机构重仓
300475,机构重仓
949,机构重仓
301316,机构重仓
514,机构重仓
603048,机构重仓
688248,机构重仓
892,机构重仓
2175,机构重仓
601599,机构重仓
1229,机构重仓
688699,机构重仓
603270,机构重仓
688419,机构重仓
605183,机构重仓
688581,机构重仓
301070,机构重仓
301133,机构重仓
300294,机构重仓
920651,机构重仓
2279,机构重仓
2420,机构重仓
1395,机构重仓
688610,机构重仓
2905,机构重仓
688290,机构重仓
1225,机构重仓
603150,机构重仓
36,机构重仓
1299,机构重仓
300850,机构重仓
920978,机构重仓
300299,机构重仓
920422,机构重仓
688081,机构重仓
920640,机构重仓
300154,机构重仓
603036,机构重仓
2576,机构重仓
300922,机构重仓
601921,机构重仓
2673,机构重仓
688623,机构重仓
603038,机构重仓
301581,机构重仓
688305,机构重仓
688586,机构重仓
2745,机构重仓
688717,机构重仓
1282,机构重仓
300537,机构重仓
301379,机构重仓
688153,机构重仓
301300,机构重仓
300735,机构重仓
301548,机构重仓
301357,机构重仓
2960,机构重仓
301377,机构重仓
301229,机构重仓
300521,机构重仓
2559,机构重仓
600416,机构重仓
603291,机构重仓
600917,机构重仓
688088,机构重仓
2054,机构重仓
2674,机构重仓
300701,机构重仓
301059,机构重仓
670,机构重仓
2660,机构重仓
301282,机构重仓
600262,机构重仓
300797,机构重仓
886,机构重仓
600909,机构重仓
301586,机构重仓
301526,机构重仓
688011,机构重仓
603933,机构重仓
1332,机构重仓
301419,机构重仓
301000,机构重仓
688601,机构重仓
2635,机构重仓
300739,机构重仓
688449,机构重仓
547,机构重仓
603013,机构重仓
603239,机构重仓
300474,机构重仓
3005,机构重仓
920682,机构重仓
920019,机构重仓
2911,机构重仓
688486,机构重仓
2451,机构重仓
688653,机构重仓
300965,机构重仓
2137,机构重仓
688286,机构重仓
2721,机构重仓
603393,机构重仓
601279,机构重仓
300554,机构重仓
688259,机构重仓
600391,机构重仓
2943,机构重仓
300557,机构重仓
603915,机构重仓
301221,机构重仓
300081,机构重仓
301285,机构重仓
1306,机构重仓
301378,机构重仓
603327,机构重仓
678,机构重仓
300964,机构重仓
600433,机构重仓
2249,机构重仓
688133,机构重仓
300333,机构重仓
301176,机构重仓
2870,机构重仓
301303,机构重仓
603286,机构重仓
688032,机构重仓
301013,机构重仓
605066,机构重仓
300933,机构重仓
300368,机构重仓
301387,机构重仓
300713,机构重仓
920271,机构重仓
300084,机构重仓
300572,机构重仓
300353,机构重仓
920152,机构重仓
2379,机构重仓
300503,机构重仓
300615,机构重仓
300600,机构重仓
688563,机构重仓
301141,机构重仓
688719,机构重仓
300421,机构重仓
301536,机构重仓
300250,机构重仓
688244,机构重仓
603039,机构重仓
688788,机构重仓
301057,机构重仓
603112,机构重仓
600237,机构重仓
600644,机构重仓
300414,机构重仓
603790,机构重仓
300821,机构重仓
301517,机构重仓
301577,机构重仓
600379,机构重仓
688152,机构重仓
600163,机构重仓
301319,机构重仓
920394,机构重仓
300780,机构重仓
2578,机构重仓
2427,机构重仓
300762,机构重仓
301365,机构重仓
555,机构重仓
2207,机构重仓
1337,机构重仓
300606,机构重仓
3040,机构重仓
2912,机构重仓
688702,机构重仓
300831,机构重仓
301002,机构重仓
920493,机构重仓
301468,机构重仓
981,机构重仓
301386,机构重仓
2716,机构重仓
1258,机构重仓
688663,机构重仓
688766,机构重仓
301172,机构重仓
2885,机构重仓
688722,机构重仓
301499,机构重仓
688631,机构重仓
2927,机构重仓
301265,机构重仓
506,机构重仓
688059,机构重仓
300921,机构重仓
600927,机构重仓
300546,机构重仓
300468,机构重仓
300448,机构重仓
605268,机构重仓
301278,机构重仓
2929,机构重仓
300846,机构重仓
300773,机构重仓
301291,机构重仓
301388,机构重仓
301361,机构重仓
300669,机构重仓
2378,机构重仓
2357,参股银行
755,参股银行
601177,参股银行
603333,参股银行
920856,参股银行
600784,参股银行
712,参股银行
601929,参股银行
603095,参股银行
2638,参股银行
300882,参股银行
2229,参股银行
603936,PCB
603421,标准普尔
300504,西部大开发
603629,OLED
601700,央国企改革
2177,创投
2782,深圳特区
815,西部大开发
300382,抖音小店
920304,熔盐储能
301082,熔盐储能
601798,熔盐储能
601231,增强现实
2222,增强现实
600229,增强现实
300098,增强现实
603297,增强现实
688095,增强现实
920001,增强现实
688127,增强现实
2531,标准普尔
600756,标准普尔
2436,标准普尔
603121,标准普尔
600007,标准普尔
600897,标准普尔
2439,标准普尔
603868,标准普尔
601198,标准普尔
603898,标准普尔
603444,标准普尔
601990,标准普尔
603711,标准普尔
42,标准普尔
802,标准普尔
603351,标准普尔
2138,标准普尔
603885,标准普尔
600369,标准普尔
2387,标准普尔
600363,标准普尔
603025,标准普尔
2841,标准普尔
889,标准普尔
2180,标准普尔
601162,标准普尔
600038,标准普尔
2313,标准普尔
600681,标准普尔
2677,标准普尔
2595,标准普尔
603225,标准普尔
603728,标准普尔
603305,标准普尔
60,标准普尔
600990,标准普尔
2358,标准普尔
603332,标准普尔
603118,标准普尔
603080,标准普尔
601799,标准普尔
603888,标准普尔
2797,标准普尔
2851,标准普尔
603228,标准普尔
878,标准普尔
2544,标准普尔
603712,标准普尔
70,标准普尔
603337,标准普尔
603,标准普尔
603660,标准普尔
601233,标准普尔
600312,标准普尔
600053,标准普尔
2446,标准普尔
2440,标准普尔
603533,标准普尔
738,标准普尔
600885,标准普尔
603556,标准普尔
960,标准普尔
2063,标准普尔
2152,标准普尔
426,标准普尔
2212,标准普尔
600392,标准普尔
601958,标准普尔
600345,标准普尔
400,标准普尔
2268,标准普尔
2465,标准普尔
600765,标准普尔
600310,标准普尔
600545,标准普尔
2624,标准普尔
603881,标准普尔
600879,标准普尔
2506,标准普尔
2025,标准普尔
605286,一带一路
920892,一带一路
603966,一带一路
600560,一带一路
601500,一带一路
2791,一带一路
605158,一带一路
300471,一带一路
603727,一带一路
520,一带一路
2552,一带一路
300809,一带一路
852,一带一路
603706,一带一路
300188,一带一路
2520,一带一路
920703,一带一路
300349,一带一路
300542,一带一路
920062,一带一路
603106,一带一路
603318,一带一路
688418,一带一路
688387,一带一路
600590,一带一路
300447,一带一路
300827,一带一路
301085,一带一路
2467,一带一路
300904,西部大开发
688150,西部大开发
601208,西部大开发
603230,西部大开发
300470,西部大开发
920833,西部大开发
600707,西部大开发
300164,西部大开发
301311,西部大开发
300696,西部大开发
300581,西部大开发
300861,西部大开发
688439,西部大开发
586,西部大开发
603697,西部大开发
301239,西部大开发
920023,西部大开发
300559,西部大开发
2265,西部大开发
600302,西部大开发
920008,西部大开发
1296,西部大开发
600992,西部大开发
300820,西部大开发
603100,西部大开发
603758,西部大开发
920098,西部大开发
600497,西部大开发
600523,西部大开发
920425,西部大开发
920576,西部大开发
561,西部大开发
301596,西部大开发
301592,西部大开发
600556,西部大开发
920564,西部大开发
920885,西部大开发
920896,西部大开发
300101,西部大开发
301397,西部大开发
300588,西部大开发
603809,西部大开发
300467,西部大开发
2977,西部大开发
920675,西部大开发
603999,西部大开发
801,西部大开发
603053,西部大开发
688636,西部大开发
600877,西部大开发
300440,西部大开发
300987,西部大开发
603458,西部大开发
301622,西部大开发
1330,西部大开发
600353,西部大开发
837,西部大开发
920010,西部大开发
688070,西部大开发
688629,西部大开发
600192,西部大开发
301050,西部大开发
2039,西部大开发
688283,西部大开发
688281,西部大开发
600101,西部大开发
688167,西部大开发
688776,西部大开发
301213,西部大开发
603132,西部大开发
920837,西部大开发
920260,西部大开发
300547,西部大开发
600505,西部大开发
600456,西部大开发
2428,西部大开发
920578,西部大开发
862,西部大开发
600301,西部大开发
962,西部大开发
300127,西部大开发
300872,西部大开发
301117,西部大开发
600995,西部大开发
300249,西部大开发
791,西部大开发
600979,西部大开发
688102,西部大开发
510,西部大开发
688307,光刻机(胶)
859,光刻机(胶)
300219,光刻机(胶)
300576,光刻机(胶)
603738,光刻机(胶)
300700,光刻机(胶)
605588,光刻机(胶)
300200,光刻机(胶)
2453,光刻机(胶)
920489,光刻机(胶)
603125,光刻机(胶)
603931,光刻机(胶)
300260,光刻机(胶)
301095,光刻机(胶)
301209,光刻机(胶)
688181,光刻机(胶)
920981,光刻机(胶)
688409,光刻机(胶)
300990,光刻机(胶)
688630,光刻机(胶)
2259,成渝特区
603002,PCB
300852,PCB
301628,PCB
301123,PCB
920357,PCB
920821,PCB
300580,PCB
920665,PCB
300802,PCB
605258,PCB
301366,PCB
301041,PCB
300252,PCB
603256,PCB
920130,PCB
603685,PCB
301568,PCB
603920,PCB
301251,PCB
300679,PCB
688312,PCB
300241,PCB
300657,PCB
301338,PCB
300752,深圳特区
2979,深圳特区
300731,深圳特区
688007,深圳特区
3028,深圳特区
300917,深圳特区
2830,深圳特区
2351,深圳特区
300940,深圳特区
2786,深圳特区
1914,深圳特区
300193,深圳特区
300235,深圳特区
300689,深圳特区
2681,深圳特区
300656,深圳特区
301488,深圳特区
301051,深圳特区
300745,深圳特区
300042,深圳特区
14,深圳特区
300857,深圳特区
2369,深圳特区
301510,深圳特区
300514,深圳特区
300671,深圳特区
2238,深圳特区
300319,深圳特区
300951,深圳特区
688618,深圳特区
301067,深圳特区
7,深圳特区
300925,深圳特区
920876,深圳特区
688328,深圳特区
2876,深圳特区
2654,深圳特区
300938,深圳特区
300570,深圳特区
300811,深圳特区
300130,深圳特区
300047,深圳特区
300454,深圳特区
300377,深圳特区
2197,深圳特区
300693,深圳特区
300348,深圳特区
600281,降解塑料
2838,降解塑料
603033,降解塑料
300384,降解塑料
2692,核能核电
920396,核能核电
603855,核能核电
2785,核能核电
300002,核能核电
301310,核能核电
300402,核能核电
300004,核能核电
300478,核能核电
2879,核能核电
300455,核能核电
603991,核能核电
603530,核能核电
920438,核能核电
301522,核能核电
300489,核能核电
603699,核能核电
605123,核能核电
300855,核能核电
300034,核能核电
688027,央国企改革
688165,央国企改革
688660,央国企改革
603909,央国企改革
601606,央国企改革
822,央国企改革
605577,央国企改革
688552,央国企改革
688475,央国企改革
300160,央国企改革
603107,央国企改革
403,央国企改革
301020,央国企改革
920806,央国企改革
920039,央国企改革
688570,央国企改革
300528,央国企改革
920753,央国企改革
603927,央国企改革
300046,央国企改革
2676,央国企改革
603188,央国企改革
2712,央国企改革
688562,央国企改革
603016,央国企改革
600592,央国企改革
3031,央国企改革
301339,央国企改革
603985,央国企改革
920418,央国企改革
605086,央国企改革
600980,央国企改革
688568,央国企改革
600255,央国企改革
2522,央国企改革
600960,央国企改革
603373,央国企改革
601595,央国企改革
600734,央国企改革
603082,央国企改革
688456,央国企改革
300626,央国企改革
688375,央国企改革
300053,央国企改革
300479,央国企改革
300772,央国企改革
688543,央国企改革
600316,央国企改革
300516,央国企改革
300323,央国企改革
688172,央国企改革
665,央国企改革
301185,央国企改革
600032,央国企改革
301153,央国企改革
300711,央国企改革
688055,央国企改革
920808,央国企改革
300770,央国企改革
300466,央国企改革
300277,央国企改革
688750,央国企改革
300426,央国企改革
409,央国企改革
2297,央国企改革
737,央国企改革
300399,央国企改革
688190,央国企改革
720,央国企改革
920748,央国企改革
300579,央国企改革
300747,央国企改革
688579,央国企改革
300788,央国企改革
300895,央国企改革
920077,央国企改革
601137,富士康
301458,富士康
2861,富士康
301613,富士康
688612,飞行汽车(eVTOL)
301539,飞行汽车(eVTOL)
300607,飞行汽车(eVTOL)
300681,飞行汽车(eVTOL)
688033,飞行汽车(eVTOL)
300902,飞行汽车(eVTOL)
688433,飞行汽车(eVTOL)
603319,飞行汽车(eVTOL)
920491,飞行汽车(eVTOL)
920690,飞行汽车(eVTOL)
300900,飞行汽车(eVTOL)
300672,微利股
300959,微利股
301112,微利股
3038,微利股
301368,微利股
300214,微利股
300719,微利股
300310,微利股
603887,微利股
301555,MiniLED
688593,MiniLED
300223,MiniLED
300708,MiniLED
2985,富时罗素
688758,新材料
300751,创业成份
300339,创业成份
300548,创业成份
300383,创业成份
300699,创业成份
300551,创投
605098,创投
2425,创投
2148,创投
603258,创投
2026,创投
300881,创投
300494,创投
2194,创投
300687,创投
300045,创投
300674,创投
300386,创投
603138,创投
2350,创投
300757,并购重组概念
603958,并购重组概念
688625,并购重组概念
920961,并购重组概念
407,并购重组概念
301178,并购重组概念
688368,并购重组概念
688507,并购重组概念
2767,天然气
1331,天然气
300259,天然气
300483,天然气
920717,天然气
2849,天然气
300191,天然气
920014,天然气
600759,天然气
300943,天然气
920976,智能家居
1323,智能家居
301332,智能家居
2790,智能家居
920212,智能家居
300749,智能家居
920110,智能家居
2892,智能家居
301280,智能家居
605318,智能家居
300691,智能家居
300403,智能家居
688390,智能家居
2655,智能家居
300790,智能家居
603211,智能家居
300571,智能家居
2706,智能家居
300352,智能家居
300566,股权激励
603115,股权激励
300123,股权激励
300539,股权激励
688200,股权激励
300709,股权激励
2921,股权激励
300659,股权激励
2606,股权激励
300730,股权激励
688028,股权激励
2296,股权激励
300609,股权激励
603496,股权激励
300364,股权激励
300541,股权激励
300682,股权激励
603062,风能
301456,风能
603606,风能
301328,风能
920128,风能
809,风能
603278,风能
920662,风能
603988,风能
688349,风能
920570,风能
300444,风能
605060,风能
920496,风能
920870,风能
301155,风能
301232,风能
2300,风能
300287,食品安全
300271,食品安全
603607,造纸印刷
600966,造纸印刷
603429,造纸印刷
2521,造纸印刷
301469,造纸印刷
1279,造纸印刷
605500,造纸印刷
2836,造纸印刷
605377,造纸印刷
920553,造纸印刷
920075,造纸印刷
2235,造纸印刷
567,海南自贸
920932,海南自贸
300324,富时罗素
300118,富时罗素
603520,富时罗素
300552,富时罗素
300256,富时罗素
300302,富时罗素
2685,富时罗素
2664,富时罗素
603960,富时罗素
300222,富时罗素
603786,富时罗素
300010,富时罗素
300768,富时罗素
300182,富时罗素
300465,富时罗素
300369,富时罗素
601696,富时罗素
300726,富时罗素
300180,富时罗素
300315,富时罗素
300777,富时罗素
2261,富时罗素
300113,富时罗素
300170,富时罗素
920427,房屋检测
688232,房屋检测
603767,新能源车
688255,融资融券
688378,荣耀概念
301008,融资融券
605398,人工智能
603688,融资融券
601616,IGBT概念
688188,融资融券
601882,融资融券
605333,新能源车
688083,融资融券
688220,融资融券
605111,IGBT概念
688100,融资融券
601702,新能源车
688692,融资融券
603416,PLC概念
688230,IGBT概念
920985,氢能源
300481,氢能源
301170,氢能源
920974,氢能源
603161,氢能源
603798,氢能源
300099,氢能源
920146,氢能源
301007,氢能源
605580,氢能源
300141,氢能源
603396,HJT电池
688429,HJT电池
920414,HJT电池
688615,融资融券
603516,融资融券
688110,融资融券
2897,独角兽
688260,荣耀概念
301128,荣耀概念
688512,荣耀概念
301183,荣耀概念
301626,荣耀概念
603040,汽车热管理
2536,汽车热管理
603330,网红经济
300654,网红经济
603050,雄安新区
2331,雄安新区
300491,雄安新区
688661,融资融券
688400,融资融券
605005,新能源车
688556,第三代半导体
688611,融资融券
688515,融资融券
688577,融资融券
605133,新能源车
605128,华为汽车
603275,减速器
603015,融资融券
603135,融资融券
688252,融资融券
688697,融资融券
688332,AI眼镜
688168,融资融券
603035,新能源车
688380,电子烟
688721,融资融券
605277,新能源车
600288,参股期货
603528,新能源车
688377,融资融券
603662,融资融券
688588,互联网金融
603206,职业教育
688010,融资融券
688789,融资融券
688381,AI眼镜
603072,新材料
603383,互联网金融
600212,融资融券
688262,融资融券
688205,融资融券
603859,华为汽车
688226,融资融券
601890,海工装备
603918,融资融券
688584,融资融券
603171,融资融券
688191,融资融券
688313,融资融券
688348,融资融券
603181,有机硅概念
688112,融资融券
688691,融资融券
603070,融资融券
688539,融资融券
688685,融资融券
688489,融资融券
688708,新材料
688561,融资融券
688084,融资融券
688035,新能源车
603861,华为概念
688031,融资融券
688327,融资融券
688023,融资融券
688141,新能源车
688270,融资融券
600666,碳化硅
688225,融资融券
600589,融资融券
688343,AI眼镜
600234,网络游戏
605178,智慧灯杆
301168,融资融券
301295,新能源车
300893,新能源车
300354,创业板综
301567,融资融券
301077,融资融券
688237,融资融券
2829,海工装备
688716,新材料
688316,融资融券
300120,OLED
300727,有机硅概念
300589,海工装备
603577,海工装备
300810,海工装备
300265,海工装备
2953,粤港自贸
920375,粤港自贸
301395,新材料
920914,新材料
1378,新材料
920768,新材料
301100,新材料
603722,新材料
603065,新材料
688231,新材料
300885,新材料
920066,新材料
301071,新材料
300629,新材料
920642,新材料
300839,新材料
300835,新材料
300179,新材料
688257,新材料
920078,新材料
2355,新能源车
301603,新能源车
301600,新能源车
300978,新能源车
688280,新能源车
301173,新能源车
920839,新能源车
920436,新能源车
603788,新能源车
301160,新能源车
603409,新能源车
920118,新能源车
920720,新能源车
2922,新能源车
920378,新能源车
300863,新能源车
920026,新能源车
920221,新能源车
301119,新能源车
603926,新能源车
301413,新能源车
688326,新能源车
2553,新能源车
603922,新能源车
300320,新能源车
688129,新能源车
2363,新能源车
920533,新能源车
920247,新能源车
920223,新能源车
603331,新能源车
301607,新能源车
300258,新能源车
688667,新能源车
920111,新能源车
301529,新能源车
688090,新能源车
920469,新能源车
301005,新能源车
300932,新能源车
301267,深成500
300910,深成500
2270,深成500
301302,网络游戏
920799,互联网金融
300380,互联网金融
300066,互联网金融
301315,互联网金融
301299,互联网金融
2987,互联网金融
603519,第三代半导体
920368,第三代半导体
576,第三代半导体
920509,第三代半导体
920725,第三代半导体
688478,第三代半导体
301369,第三代半导体
688693,第三代半导体
920663,减速器
301255,减速器
301279,减速器
301023,减速器
300817,减速器
605208,减速器
2896,减速器
301261,减速器
920510,减速器
688458,AI眼镜
301101,AI眼镜
300420,特斯拉
300976,特斯拉
300276,特斯拉
300278,特斯拉
300550,互联医疗
920670,互联医疗
300698,互联医疗
920092,互联医疗
920207,互联医疗
688308,融资融券
301281,融资融券
301309,融资融券
2779,融资融券
920088,融资融券
301222,融资融券
920953,融资融券
2283,融资融券
920299,融资融券
920527,融资融券
920950,融资融券
301083,融资融券
688282,融资融券
688657,融资融券
688215,融资融券
920694,融资融券
920415,融资融券
920006,融资融券
920790,融资融券
688592,融资融券
920726,融资融券
920802,融资融券
301618,融资融券
920000,融资融券
688171,融资融券
1367,融资融券
920931,融资融券
301056,融资融券
920270,融资融券
920906,融资融券
688391,融资融券
688211,融资融券
688786,融资融券
301195,融资融券
920108,融资融券
920455,融资融券
301212,融资融券
920718,融资融券
301227,融资融券
688558,融资融券
920371,融资融券
920195,融资融券
920249,融资融券
920526,融资融券
920275,融资融券
920701,融资融券
688061,融资融券
301270,融资融券
300946,融资融券
920363,融资融券
920699,融资融券
688651,融资融券
688620,融资融券
301177,融资融券
920810,融资融券
603042,融资融券
1277,融资融券
688416,融资融券
688265,融资融券
301169,融资融券
300913,融资融券
920002,融资融券
920834,融资融券
920957,融资融券
920204,融资融券
920639,融资融券
300897,融资融券
920395,融资融券
300877,融资融券
920634,融资融券
603602,融资融券
920475,融资融券
920505,融资融券
920405,融资融券
688291,融资融券
920374,融资融券
301205,融资融券
688435,融资融券
688227,融资融券
920792,融资融券
301218,融资融券
301182,融资融券
301571,融资融券
301380,融资融券
300931,融资融券
688060,融资融券
688682,融资融券
920082,融资融券
301382,融资融券
688077,融资融券
920765,融资融券
301052,融资融券
300245,融资融券
920116,融资融券
688619,融资融券
301202,融资融券
688080,融资融券
920592,融资融券
688207,融资融券
688118,融资融券
301208,融资融券
920046,融资融券
920924,融资融券
301191,融资融券
920171,融资融券
920556,融资融券
688125,融资融券
920770,融资融券
301237,融资融券
688229,融资融券
300880,融资融券
920090,融资融券
688201,融资融券
688330,融资融券
301486,融资融券
688662,融资融券
301518,融资融券
301162,融资融券
301120,融资融券
301391,融资融券
534,融资融券
301179,融资融券
300833,影视概念
2546,充电桩
2855,智能穿戴
2730,人工智能
300071,创业板综
3029,华为汽车
300840,创业板综
300286,创业板综
300461,创业板综
300150,创业板综
300050,创业板综
300515,创业板综
300449,创业板综
300508,创业板综
300578,创业板综
300215,创业板综
300830,创业板综
300427,创业板综
3015,小米概念
2857,专精特新
1256,专精特新
3025,专精特新
3033,专精特新
603217,专精特新
3007,专精特新
603232,专精特新
920188,专精特新
920028,专精特新
2842,小金属概念
677,低空经济
603216,工业互联
605566,光伏概念
2535,生物识别
603488,虚拟现实
603703,5G概念
